,pval_sig,mean,std
0,0.00,0.07098913347134465,0.09815322534935086
1,0.00,0.054138307735486314,0.09927947670429774
