,pval_sig,mean,std
0,0.00,0.16515406331667784,0.0557691503479007
1,0.00,0.1430428285441922,0.04486035968719202
