,pval_sig,mean,std
0,0.00,0.1673640706808644,0.07013579663013685
1,0.00,0.15152707710565672,0.06284066547516348
