,pval_sig,mean,std
0,0.00,0.16737678509274767,0.07492793283501908
1,0.00,0.13618887685914693,0.0726530352803437
