,pval_sig,mean,std
0,0.00,0.17786689047598916,0.07968667971500841
1,0.00,0.13545213797366634,0.06116413284780773
