,pval_sig,mean,std
0,0.00,0.148881296901806,0.07792832961831843
1,0.00,0.11807476345650648,0.08402820052353138
