,pval_sig,mean,std
0,0.00,0.1613120137020979,0.05643083188505669
1,0.00,0.1856813142191813,0.060965146917073686
