,pval_sig,mean,std
0,0.00,0.13681021630380874,0.054371989289568254
1,0.00,0.15764883727942433,0.05981589944527516
