,pval_sig,mean,std
0,0.00,0.1407001538408164,0.05742423241202038
1,0.00,0.1616406216743527,0.05887532981868866
