,pval_sig,mean,std
0,0.00,0.09920482496928354,0.050855990229060885
1,0.00,0.1371990470508191,0.07259498875457294
