,pval_sig,mean,std
0,0.00,0.13769039389078452,0.06414861735744265
1,0.00,0.18772840420169595,0.08692117430882591
