,pval_sig,mean,std
0,0.00,0.19170195479097848,0.06227829558335916
1,0.00,0.16087986640806745,0.0567203285953738
