,pval_sig,mean,std
0,0.00,0.13989863944208195,0.025171524995276983
1,0.00,0.12878298084441137,0.022206337223490188
