,pval_sig,mean,std
0,0.00,0.15586417258369398,0.015677769674365977
1,0.00,0.15846149893601166,0.015525217573504163
