,pval_sig,mean,std
0,0.00,0.17807050528834187,0.02004687924047342
1,0.00,0.19922886852756203,0.02294592091214725
