,pval_sig,mean,std
0,0.00,0.15858606130790706,0.012210146905514696
1,0.00,0.15499721639328445,0.022268800604581293
