,pval_sig,mean,std
0,0.00,0.10926709238985416,0.021331191763745285
1,0.00,0.10866008164130438,0.020771385486019353
