,pval_sig,mean,std
0,0.00,0.16606115767221089,0.015359280158815759
1,0.00,0.16774960637511607,0.017996406301477225
