,pval_sig,mean,std
Overall,0.00,0.16129176589853791,0.03557021004498052
