,pval_sig,mean,std
Overall,0.00,0.1343776682011432,0.036065945745652105
