,pval_sig,mean,std
Overall,0.00,0.22190958302437014,0.19037663202794858
