,pval_sig,mean,std
Overall,0.00,0.18094723897271392,0.05834506644606794
