,pval_sig,mean,std
Overall,0.00,0.1545106450160311,0.033663550107618206
