,pval_sig,mean,std
Overall,0.00,0.1726386717155143,0.08277040381102967
