,pval_sig,mean,std
Overall,0.00,0.14682453266537512,0.03933162632331129
