,pval_sig,mean,std
Overall,0.00,0.13957867632539134,0.055151773419493295
