,pval_sig,mean,std
Overall,0.00,0.14564698053850572,0.020775766220833814
