,pval_sig,mean,std
0,0.00,0.1610336835634265,0.01144151034235146
1,0.00,0.1533145871504762,0.011432173442650085
