,pval_sig,mean,std
0,0.00,0.13969108906131983,0.024325580460900935
1,0.00,0.12644677456901887,0.020848703105995767
