,pval_sig,mean,std
0,0.00,0.16140850755573022,0.011351090870475066
1,0.00,0.15907672290266395,0.010552906666734372
