,pval_sig,mean,std
0,0.00,0.1604657206318085,0.013723128439306249
1,0.00,0.1521921161436015,0.012076304627118319
