,pval_sig,mean,std
0,0.00,0.1564654491068088,0.01958335766367519
1,0.00,0.17792754553938792,0.023862325387495505
