,pval_sig,mean,std
0,0.00,0.14758526688113463,0.025567424544785056
1,0.00,0.10599457801335109,0.017690862648654625
