,pval_sig,mean,std
0,0.00,0.14746136804261575,0.03758265138788022
1,0.00,0.16074017603937812,0.04002940663016737
