,pval_sig,mean,std
0,0.00,0.1480866955608152,0.02600906881727675
1,0.00,0.14282842211383565,0.023624924972006488
