,pval_sig,mean,std
0,0.00,0.14652457975302274,0.036103238347896395
1,0.00,0.1556047492809126,0.03809081966589567
