,pval_sig,mean,std
0,0.00,0.14044960995588923,0.05646959674268838
1,0.00,0.152260312549601,0.05890525857306771
