,pval_sig,mean,std
0,0.00,0.1356535248702587,0.03513694792414094
1,0.00,0.15134045279823324,0.033576129931382044
