,pval_sig,mean,std
0,0.00,0.058126789162459454,0.03147630880161171
1,0.00,0.09065330252680771,0.04768053209669359
