,pval_sig,mean,std
0,0.00,0.2685489142792125,0.12597577926774203
1,0.00,0.2519086176647532,0.1158995784553627
2,0.00,0.25000941767778806,0.11588046183800418
