,pval_sig,mean,std
0,0.00,0.29776743156096264,0.14149101917929952
1,0.00,0.2705618896636818,0.12852680651113324
2,0.00,0.2799019287188439,0.12993413422358305
