,pval_sig,mean,std
0,0.00,0.30026085479623055,0.14592688020523137
1,0.00,0.22745725903536573,0.09909270418779005
2,0.00,0.23965818155902885,0.10468628936551483
