,pval_sig,mean,std
0,0.00,0.2693302053314948,0.12972913468786562
1,0.00,0.24529538378558022,0.11972027547195865
2,0.00,0.24702470547270325,0.11804237550022392
