,pval_sig,mean,std
0,0.00,0.21360140641572903,0.09521626062185211
1,0.00,0.2146811400314917,0.09464020473950946
2,0.00,0.20661284559712362,0.09509939758522844
