,pval_sig,mean,std
0,0.00,0.18826419253782212,0.091954056512656
1,0.00,0.19864469213395203,0.09923893028087234
2,0.00,0.19353198177210948,0.09398547978449337
