,pval_sig,mean,std
0,0.00,0.2855754637904599,0.13624689432757056
1,0.00,0.27773201265125985,0.13996481919380072
