,pval_sig,mean,std
0,0.00,0.20006698437733808,0.09860652949048619
1,0.00,0.2059159334724571,0.09504255097285384
