,pval_sig,mean,std
0,0.00,0.20743841330126916,0.10539670044953245
1,0.00,0.21098000136205114,0.09996503355799735
