,pval_sig,mean,std
0,0.00,0.24417857857017305,0.11622471671324738
1,0.00,0.22177881832505933,0.10761359267244514
