,pval_sig,mean,std
0,0.00,0.20584094110704648,0.09906619025379754
1,0.00,0.2857807379294067,0.10256856510373955
