,pval_sig,mean,std
0,0.00,0.1602600753721188,0.08376119097750774
1,0.00,0.15959593023642557,0.08534215920956383
