,pval_sig,mean,std
0,0.00,0.2582560752604071,0.1272112470469649
1,0.00,0.1694784699025388,0.08386257238770545
