,pval_sig,mean,std
0,0.00,0.15154775172356755,0.09275441503029702
1,0.00,0.12939724008510983,0.06971220374540815
