,pval_sig,mean,std
0,0.00,0.1979298742080621,0.1120129604718434
1,0.00,0.17095112772162194,0.07732627013174265
