,pval_sig,mean,std
0,0.00,0.22008379997848065,0.10461299501879964
1,0.00,0.18661169268432748,0.07763488824271965
