,pval_sig,mean,std
0,0.00,0.21443697886469548,0.17228890645362188
1,0.00,0.15188448566647403,0.12833474124384428
