,pval_sig,mean,std
0,0.00,0.25927497239191216,0.15412592649898302
1,0.00,0.1966019749739657,0.09819859299535053
