,pval_sig,mean,std
0,0.68,0.22650410105236637,0.11623679663976229
1,0.81,,
