,pval_sig,mean,std
0,0.24,-0.053185297653069286,0.13994943714675867
1,0.59,0.18175537438779737,0.17174571804978728
