,pval_sig,mean,std
0,0.28,0.04703899615869426,0.14721884619628411
1,0.51,0.14196570834137898,0.1441658190929054
