,pval_sig,mean,std
0,0.99,0.7795636297209249,0.10833415049259432
1,1.00,0.7724600707040955,0.10632857057011505
