,pval_sig,mean,std
0,0.16,-0.06315783010340317,0.1279417051336548
1,0.14,0.009853206198404225,0.1111560355705561
