,pval_sig,mean,std
0,0.00,0.25592250219431517,0.06663142080279394
1,0.00,0.23700177437818395,0.06180604346290203
