,pval_sig,mean,std
0,0.80,0.3458838314962761,0.1274238542997694
1,0.73,0.31593752655708895,0.12967716348838373
