,pval_sig,mean,std
0,0.00,0.34863893093398196,0.07390332384186896
1,0.00,0.19371772577805546,0.050660961121111715
