,pval_sig,mean,std
0,0.75,0.31890833893766235,0.1216752733893423
1,0.67,0.2849227616719333,0.12023182377297298
