,pval_sig,mean,std
0,0.00,0.3049599214845713,0.059510131115845154
1,0.00,0.3351372919791439,0.06209042734314078
