,pval_sig,mean,std
0,0.00,0.3487830308996958,0.06573139091187545
1,0.00,0.2848294221075311,0.06935435554709822
