,pval_sig,mean,std
0,0.00,0.31977174901359867,0.061076745961808156
1,0.00,0.31310551785602175,0.05387775395693263
