,pval_sig,mean,std
0,0.72,0.30381997542848566,0.12259200488894992
1,0.86,0.37253459023190977,0.1211254701856079
