,pval_sig,mean,std
0,0.00,0.4111555135802719,0.07173411550812513
1,0.00,0.41377465168831173,0.05416660174552471
