,pval_sig,mean,std
0,0.89,0.39008286303481493,0.11902741885903377
1,0.78,0.32972715631845356,0.12417990900853873
