,pval_sig,mean,std
0,1.00,0.44328705964599446,0.052712382896294825
1,1.00,0.4660293859984945,0.06017113534114165
