,pval_sig,mean,std
0,1.00,0.601843184843203,0.04205760228539263
1,1.00,0.5849717745091213,0.05106119513597345
