,pval_sig,mean,std
0,1.00,0.4152633230638603,0.05240117487785765
1,1.00,0.4392704439881877,0.058426543523902995
