,pval_sig,mean,std
Overall,0.09,0.0905856461555687,0.13332896881399203
