,pval_sig,mean,std
Overall,0.50,0.14214583224206123,0.06705752442693746
