,pval_sig,mean,std
Overall,0.94,0.30919620760562955,0.1081765057629816
