,pval_sig,mean,std
Overall,0.96,0.5808588914681755,0.1499500181670646
