,pval_sig,mean,std
Overall,0.03,0.021518703851194258,0.0666779726833922
