,pval_sig,mean,std
Overall,0.98,0.5247240828164856,0.17714906549268805
