,pval_sig,mean,std
Overall,0.22,0.1273256453657342,0.12923637214786837
