,pval_sig,mean,std
Overall,0.01,0.027909992636334563,0.10499177219977941
