,pval_sig,mean,std
Overall,0.82,0.44560410627735175,0.12415298946279736
