,pval_sig,mean,std
Overall,0.27,0.16289380336479525,0.14062389810148426
