,pval_sig,mean,std
Overall,1.00,0.7598408304640996,0.10433657369014263
