,pval_sig,mean,std
Overall,0.94,0.6428873072322041,0.14056403437809892
