,pval_sig,mean,std
Overall,1.00,0.8205119466781634,0.07093421459945488
