,pval_sig,mean,std
Overall,1.00,0.9288506602495702,0.02967171946287226
