,pval_sig,mean,std
Overall,0.39,0.20087515343035695,0.17718392071651567
