,pval_sig,mean,std
Overall,0.45,0.22941856775904376,0.1765699971343002
