,pval_sig,mean,std
Overall,1.00,0.7973137729850786,0.038875654092480984
