,pval_sig,mean,std
Overall,0.84,0.1512998432187522,0.0955168718859997
