,pval_sig,mean,std
Overall,1.00,0.668681102380306,0.1031109234793693
