,pval_sig,mean,std
Overall,0.95,0.1605466934913431,0.0697431200434359
