,pval_sig,mean,std
0,1.00,0.4425044441688379,0.06883637855414786
1,1.00,0.3780944065667804,0.07998680778251518
