,pval_sig,mean,std
0,1.00,0.4986293867094353,0.04153479230713554
1,1.00,0.5540767297822115,0.03841104300556432
