,pval_sig,mean,std
0,1.00,0.4228552813924958,0.04497718056036336
1,1.00,0.4370224461938492,0.055574359116000664
