,pval_sig,mean,std
0,1.00,0.40208808167033144,0.05444787702521775
1,1.00,0.4786028194638875,0.04087051313939789
