,pval_sig,mean,std
0,1.00,0.619737103552528,0.02499356662192299
1,1.00,0.573703325961038,0.025251562111757636
