,pval_sig,mean,std
0,1.00,0.41132088055334026,0.05139745321154334
1,1.00,0.44502192830742654,0.04635203111869056
