,pval_sig,mean,std
0,1.00,0.4291984550503027,0.04610165483987617
1,1.00,0.4972005253111643,0.04095504822546257
