,pval_sig,mean,std
0,0.76,0.16161552556145323,0.07478506865004712
1,0.74,0.15847230916431085,0.07456072819478142
