,pval_sig,mean,std
0,1.00,0.49204031038961676,0.07690681579985995
1,1.00,0.5992553169773371,0.048529808372288305
