,pval_sig,mean,std
0,0.99,0.33434011948484005,0.06776315661711978
1,0.99,0.3343600417775967,0.066313523552038
