,pval_sig,mean,std
0,1.00,0.47499967697727014,0.10842298790719675
1,1.00,0.6513541929111804,0.07057047187260351
