,pval_sig,mean,std
0,1.00,0.3514002103368574,0.056191912002558735
1,0.99,0.3492055545638341,0.059874666530374
