,pval_sig,mean,std
0,0.98,0.31573505731690926,0.08055733710768703
1,0.97,0.2878343329250051,0.07836235131749167
