,pval_sig,mean,std
0,1.00,0.5388566330290862,0.08492323922601012
1,1.00,0.628326472802783,0.06360069263173428
