,pval_sig,mean,std
0,0.99,0.31903579991612135,0.07569555830140696
1,0.97,0.301518673723552,0.08379880935603624
