,pval_sig,mean,std
0,0.60,0.43545965768639827,0.17739245350600297
1,0.59,0.4295689848713794,0.17474321926519884
2,0.61,0.43775704110280805,0.17463216763367959
