,pval_sig,mean,std
0,0.20,0.1582640348640469,0.2581699488663841
1,0.44,0.3638441785361407,0.19413580639387365
2,0.40,0.3358029716688227,0.2037047055485875
