,pval_sig,mean,std
0,0.78,0.5483666138202756,0.1827849189172323
1,0.77,0.535762539979303,0.17596694861534917
2,0.75,0.5218877408951924,0.18856813520885937
