,pval_sig,mean,std
0,0.81,0.5700855791340672,0.19536012961577245
1,0.84,0.5998872616598114,0.1750173708591598
2,0.79,0.5581644459113957,0.1937296782399152
