,pval_sig,mean,std
0,0.19,0.15351167427222806,0.2478006736685943
1,0.46,0.3769656197967243,0.19205468697086645
2,0.45,0.3627337570509581,0.2053726353316472
