,pval_sig,mean,std
0,0.44,0.31646222863536166,0.17645597470312246
1,0.38,0.3067686295712134,0.18157558784158825
