,pval_sig,mean,std
0,0.00,0.33488631273560054,0.08992326755041018
1,0.00,0.35511130306192995,0.08235270027623158
