,pval_sig,mean,std
0,0.00,0.19694694284975564,0.07778225698202872
1,0.00,0.17913621330043583,0.07571524391827841
