,pval_sig,mean,std
0,0.00,0.3642458847374769,0.09413193280561143
1,0.00,0.33859769053359734,0.0957517853686344
