,pval_sig,mean,std
0,0.35,0.29314311624732037,0.19094122296893568
1,0.34,0.2789190889854374,0.2048487185177139
