,pval_sig,mean,std
0,0.00,0.4726381354316998,0.09418339187304567
1,0.00,0.46316893213474786,0.10640006411145081
