,pval_sig,mean,std
0,0.29,0.2679192466777917,0.19091235841352722
1,0.26,0.23649646474805436,0.19182039658489478
