,pval_sig,mean,std
0,0.92,0.6655567150515298,0.1358245713869923
1,0.94,0.6943902149930558,0.131304296777564
