,pval_sig,mean,std
0,0.13,0.16230556289201914,0.20651329154880502
1,0.19,0.15240283886924677,0.23713619214239656
