,pval_sig,mean,std
0,0.53,0.36182933637540704,0.18366311846817043
1,0.58,0.38372138106139875,0.16705210457543068
