,pval_sig,mean,std
0,0.89,0.6263129069035699,0.1566522535727111
1,0.91,0.6554959635098367,0.140854488539518
