,pval_sig,mean,std
0,0.48,0.3375401597698533,0.18013312258549685
1,0.53,0.3652876737300907,0.16784450408373855
