,pval_sig,mean,std
0,0.47,0.34352609273805645,0.1865482599073191
1,0.46,0.3268974087776404,0.1847169895573735
