,pval_sig,mean,std
0,0.00,0.3312299201150733,0.09006656129274843
1,0.00,0.31735616313495474,0.08392225204186929
