,pval_sig,mean,std
0,0.00,0.39792081281424374,0.09594659777990892
1,0.00,0.385994242032899,0.09661465587397701
