,pval_sig,mean,std
0,0.07,0.012832327587341387,0.20505312715857368
1,0.28,0.23251300290818408,0.1664790106300353
