,pval_sig,mean,std
0,0.15,0.1351135442454847,0.19277067771339537
1,0.58,0.3556162833747727,0.17289465580482352
