,pval_sig,mean,std
0,0.47,0.3034651817430059,0.19012628374110857
1,0.78,0.4560774230619556,0.155354168273097
