,pval_sig,mean,std
0,0.53,0.3346539018221721,0.1898676542667931
1,0.67,0.3909011064825733,0.17127067918910938
