,pval_sig,mean,std
0,0.03,0.007694170171176487,0.17247583022121538
1,0.03,0.07735941532787234,0.154916242109655
