,pval_sig,mean,std
0,0.44,0.2897620914632889,0.19703498755396875
1,0.74,0.43528088211828336,0.1642310743781502
