,pval_sig,mean,std
0,0.56,0.34340346425526563,0.19575350679182418
1,0.68,0.4035535475840679,0.16451653700959712
