{"0/precision": 0.8835978835978836, "0/recall": 0.9766081871345029, "0/f1-score": 0.9277777777777779, "0/support": 171, "1/precision": 0.9757575757575757, "1/recall": 0.8797814207650273, "1/f1-score": 0.925287356321839, "1/support": 183, "micro avg/precision": 0.9265536723163842, "micro avg/recall": 0.9265536723163842, "micro avg/f1-score": 0.9265536723163841, "micro avg/support": 354, "macro avg/precision": 0.9296777296777297, "macro avg/recall": 0.9281948039497652, "macro avg/f1-score": 0.9265325670498085, "macro avg/support": 354, "weighted avg/precision": 0.9312397583584026, "weighted avg/recall": 0.9265536723163842, "weighted avg/f1-score": 0.9264903565166571, "weighted avg/support": 354, "accuracy": 0.9265536723163842, "roc_auc": 0.9818809318377912, "pr_auc": 0.9838492253770793}