{"0/precision": 0.8972972972972973, "0/recall": 0.9707602339181286, "0/f1-score": 0.9325842696629214, "0/support": 171, "1/precision": 0.9704142011834319, "1/recall": 0.8961748633879781, "1/f1-score": 0.9318181818181818, "1/support": 183, "micro avg/precision": 0.9322033898305084, "micro avg/recall": 0.9322033898305084, "micro avg/f1-score": 0.9322033898305084, "micro avg/support": 354, "macro avg/precision": 0.9338557492403646, "macro avg/recall": 0.9334675486530534, "macro avg/f1-score": 0.9322012257405516, "macro avg/support": 354, "weighted avg/precision": 0.9350950187977568, "weighted avg/recall": 0.9322033898305084, "weighted avg/f1-score": 0.9321882412008101, "weighted avg/support": 354, "accuracy": 0.9322033898305084, "roc_auc": 0.9851724027737833, "pr_auc": 0.9880389368675391}