{"0/precision": 0.9081081081081082, "0/recall": 0.9824561403508771, "0/f1-score": 0.9438202247191011, "0/support": 171, "1/precision": 0.9822485207100592, "1/recall": 0.907103825136612, "1/f1-score": 0.9431818181818181, "1/support": 183, "micro avg/precision": 0.943502824858757, "micro avg/recall": 0.943502824858757, "micro avg/f1-score": 0.943502824858757, "micro avg/support": 354, "macro avg/precision": 0.9451783144090837, "macro avg/recall": 0.9447799827437446, "macro avg/f1-score": 0.9435010214504596, "macro avg/support": 354, "weighted avg/precision": 0.9464349315718286, "weighted avg/recall": 0.943502824858757, "weighted avg/f1-score": 0.9434902010006752, "weighted avg/support": 354, "accuracy": 0.943502824858757, "roc_auc": 0.9867062921420127, "pr_auc": 0.989444280809875}