{"0/precision": 0.8848167539267016, "0/recall": 0.9883040935672515, "0/f1-score": 0.9337016574585636, "0/support": 171, "1/precision": 0.9877300613496932, "1/recall": 0.8797814207650273, "1/f1-score": 0.9306358381502889, "1/support": 183, "micro avg/precision": 0.9322033898305084, "micro avg/recall": 0.9322033898305084, "micro avg/f1-score": 0.9322033898305084, "micro avg/support": 354, "macro avg/precision": 0.9362734076381973, "macro avg/recall": 0.9340427571661394, "macro avg/f1-score": 0.9321687478044263, "macro avg/support": 354, "weighted avg/precision": 0.9380177009843498, "weighted avg/recall": 0.9322033898305084, "weighted avg/f1-score": 0.932116784765303, "weighted avg/support": 354, "accuracy": 0.9322033898305084, "roc_auc": 0.9832869970920014, "pr_auc": 0.9872614025914154}