{"0/precision": 0.8967391304347826, "0/recall": 0.9649122807017544, "0/f1-score": 0.9295774647887324, "0/support": 171, "1/precision": 0.9647058823529412, "1/recall": 0.8961748633879781, "1/f1-score": 0.9291784702549576, "1/support": 183, "micro avg/precision": 0.9293785310734464, "micro avg/recall": 0.9293785310734464, "micro avg/f1-score": 0.9293785310734464, "micro avg/support": 354, "macro avg/precision": 0.9307225063938619, "macro avg/recall": 0.9305435720448663, "macro avg/f1-score": 0.929377967521845, "macro avg/support": 354, "weighted avg/precision": 0.9318744852399324, "weighted avg/recall": 0.9293785310734464, "weighted avg/f1-score": 0.9293712049026284, "weighted avg/support": 354, "accuracy": 0.9293785310734464, "roc_auc": 0.9811778992106861, "pr_auc": 0.9841374740240659}