{"0/precision": 0.9684491978609626, "0/recall": 0.9531578947368421, "0/f1-score": 0.9607427055702917, "0/support": 1900, "1/precision": 0.953838174273859, "1/recall": 0.9689146469968388, "1/f1-score": 0.9613173026659698, "1/support": 1898, "micro avg/precision": 0.9610321221695629, "micro avg/recall": 0.9610321221695629, "micro avg/f1-score": 0.9610321221695629, "micro avg/support": 3798, "macro avg/precision": 0.9611436860674107, "macro avg/recall": 0.9610362708668405, "macro avg/f1-score": 0.9610300041181308, "macro avg/support": 3798, "weighted avg/precision": 0.9611475330983711, "weighted avg/recall": 0.9610321221695629, "weighted avg/f1-score": 0.9610298528287428, "weighted avg/support": 3798, "accuracy": 0.9610321221695629, "roc_auc": 0.9906042371471355, "pr_auc": 0.9891933841492537}