{"0/precision": 0.9513598326359832, "0/recall": 0.9573684210526315, "0/f1-score": 0.9543546694648478, "0/support": 1900, "1/precision": 0.957051961823966, "1/recall": 0.9510010537407798, "1/f1-score": 0.954016913319239, "1/support": 1898, "micro avg/precision": 0.9541864139020537, "micro avg/recall": 0.9541864139020537, "micro avg/f1-score": 0.9541864139020537, "micro avg/support": 3798, "macro avg/precision": 0.9542058972299746, "macro avg/recall": 0.9541847373967056, "macro avg/f1-score": 0.9541857913920434, "macro avg/support": 3798, "weighted avg/precision": 0.9542043985124423, "weighted avg/recall": 0.9541864139020537, "weighted avg/f1-score": 0.9541858803220449, "weighted avg/support": 3798, "accuracy": 0.9541864139020537, "roc_auc": 0.9887086129443735, "pr_auc": 0.986556637547712}