{"0/precision": 0.9734848484848485, "0/recall": 0.9468421052631579, "0/f1-score": 0.9599786552828176, "0/support": 1900, "1/precision": 0.9482051282051283, "1/recall": 0.9741833508956796, "1/f1-score": 0.9610187110187111, "1/support": 1898, "micro avg/precision": 0.9605055292259084, "micro avg/recall": 0.9605055292259084, "micro avg/f1-score": 0.9605055292259084, "micro avg/support": 3798, "macro avg/precision": 0.9608449883449883, "macro avg/recall": 0.9605127280794188, "macro avg/f1-score": 0.9604986831507643, "macro avg/support": 3798, "weighted avg/precision": 0.9608516444061468, "weighted avg/recall": 0.9605055292259084, "weighted avg/f1-score": 0.9604984093077584, "weighted avg/support": 3798, "accuracy": 0.9605055292259084, "roc_auc": 0.9915140591204037, "pr_auc": 0.9902538859767807}