{"0/precision": 0.9459876543209876, "0/recall": 0.9678947368421053, "0/f1-score": 0.9568158168574402, "0/support": 1900, "1/precision": 0.9670981661272924, "1/recall": 0.9446786090621707, "1/f1-score": 0.9557569296375268, "1/support": 1898, "micro avg/precision": 0.956292785676672, "micro avg/recall": 0.956292785676672, "micro avg/f1-score": 0.956292785676672, "micro avg/support": 3798, "macro avg/precision": 0.9565429102241401, "macro avg/recall": 0.956286672952138, "macro avg/f1-score": 0.9562863732474836, "macro avg/support": 3798, "weighted avg/precision": 0.956537351900863, "weighted avg/recall": 0.956292785676672, "weighted avg/f1-score": 0.9562866520487526, "weighted avg/support": 3798, "accuracy": 0.956292785676672, "roc_auc": 0.9892235594254339, "pr_auc": 0.9864437986909405}