{"0/precision": 0.80078125, "0/recall": 0.8913043478260869, "0/f1-score": 0.8436213991769547, "0/support": 460, "1/precision": 0.9333333333333333, "1/recall": 0.8728179551122195, "1/f1-score": 0.9020618556701031, "1/support": 802, "micro avg/precision": 0.8795562599049128, "micro avg/recall": 0.8795562599049128, "micro avg/f1-score": 0.8795562599049128, "micro avg/support": 1262, "macro avg/precision": 0.8670572916666667, "macro avg/recall": 0.8820611514691532, "macro avg/f1-score": 0.8728416274235289, "macro avg/support": 1262, "weighted avg/precision": 0.8850179939249868, "weighted avg/recall": 0.8795562599049128, "weighted avg/f1-score": 0.8807602629705402, "weighted avg/support": 1262, "accuracy": 0.8795562599049128, "roc_auc": 0.9541878998156782, "pr_auc": 0.9719277874490176}