{"0/precision": 0.9189814814814815, "0/recall": 0.8630434782608696, "0/f1-score": 0.8901345291479821, "0/support": 460, "1/precision": 0.9240963855421687, "1/recall": 0.956359102244389, "1/f1-score": 0.9399509803921567, "1/support": 802, "micro avg/precision": 0.9223454833597464, "micro avg/recall": 0.9223454833597464, "micro avg/f1-score": 0.9223454833597464, "micro avg/support": 1262, "macro avg/precision": 0.9215389335118251, "macro avg/recall": 0.9097012902526294, "macro avg/f1-score": 0.9150427547700695, "macro avg/support": 1262, "weighted avg/precision": 0.9222319989590338, "weighted avg/recall": 0.9223454833597464, "weighted avg/f1-score": 0.9217928444394464, "weighted avg/support": 1262, "accuracy": 0.9223454833597464, "roc_auc": 0.9725712891683833, "pr_auc": 0.9837118796508879}