{"0/precision": 0.8850325379609545, "0/recall": 0.8869565217391304, "0/f1-score": 0.8859934853420196, "0/support": 460, "1/precision": 0.9350811485642946, "1/recall": 0.9339152119700748, "1/f1-score": 0.9344978165938864, "1/support": 802, "micro avg/precision": 0.9167987321711569, "micro avg/recall": 0.9167987321711569, "micro avg/f1-score": 0.9167987321711569, "micro avg/support": 1262, "macro avg/precision": 0.9100568432626246, "macro avg/recall": 0.9104358668546026, "macro avg/f1-score": 0.9102456509679531, "macro avg/support": 1262, "weighted avg/precision": 0.9168383903412072, "weighted avg/recall": 0.9167987321711569, "weighted avg/f1-score": 0.9168179494180871, "weighted avg/support": 1262, "accuracy": 0.9167987321711569, "roc_auc": 0.9737775127398893, "pr_auc": 0.9839584057045889}