{"0/precision": 0.8865096359743041, "0/recall": 0.9, "0/f1-score": 0.8932038834951457, "0/support": 460, "1/precision": 0.9421383647798742, "1/recall": 0.9339152119700748, "1/f1-score": 0.9380087664370695, "1/support": 802, "micro avg/precision": 0.9215530903328051, "micro avg/recall": 0.9215530903328051, "micro avg/f1-score": 0.9215530903328051, "micro avg/support": 1262, "macro avg/precision": 0.9143240003770892, "macro avg/recall": 0.9169576059850374, "macro avg/f1-score": 0.9156063249661076, "macro avg/support": 1262, "weighted avg/precision": 0.9218616490504272, "weighted avg/recall": 0.9215530903328051, "weighted avg/f1-score": 0.9216773511016614, "weighted avg/support": 1262, "accuracy": 0.9215530903328051, "roc_auc": 0.972549604250244, "pr_auc": 0.9828652752321777}