{"0.0/precision": 0.9722463139635733, "0.0/recall": 0.8649691358024691, "0.0/f1-score": 0.9154757043691303, "0.0/support": 1296, "1.0/precision": 0.6212121212121212, "1.0/recall": 0.8996865203761756, "1.0/f1-score": 0.734955185659411, "1.0/support": 319, "micro avg/precision": 0.871826625386997, "micro avg/recall": 0.871826625386997, "micro avg/f1-score": 0.871826625386997, "micro avg/support": 1615, "macro avg/precision": 0.7967292175878473, "macro avg/recall": 0.8823278280893223, "macro avg/f1-score": 0.8252154450142706, "macro avg/support": 1615, "weighted avg/precision": 0.9029089099464135, "weighted avg/recall": 0.871826625386997, "weighted avg/f1-score": 0.8798187102710495, "weighted avg/support": 1615, "accuracy": 0.871826625386997, "roc_auc": 0.9388811486512637, "pr_auc": 0.8045142655335368}