{"0.0/precision": 0.9679865206402696, "0.0/recall": 0.8865740740740741, "0.0/f1-score": 0.9254933548127264, "0.0/support": 1296, "1.0/precision": 0.6565420560747663, "1.0/recall": 0.8808777429467085, "1.0/f1-score": 0.7523427041499331, "1.0/support": 319, "micro avg/precision": 0.8854489164086687, "micro avg/recall": 0.8854489164086687, "micro avg/f1-score": 0.8854489164086686, "micro avg/support": 1615, "macro avg/precision": 0.812264288357518, "macro avg/recall": 0.8837259085103912, "macro avg/f1-score": 0.8389180294813298, "macro avg/support": 1615, "weighted avg/precision": 0.9064690072059689, "weighted avg/recall": 0.8854489164086687, "weighted avg/f1-score": 0.8912920807808806, "weighted avg/support": 1615, "accuracy": 0.8854489164086687, "roc_auc": 0.9320576454197145, "pr_auc": 0.7983649163996849}