{"0.0/precision": 0.8870588235294118, "0.0/recall": 0.8726851851851852, "0.0/f1-score": 0.8798133022170361, "0.0/support": 1296, "1.0/precision": 0.5147058823529411, "1.0/recall": 0.54858934169279, "1.0/f1-score": 0.5311077389984826, "1.0/support": 319, "micro avg/precision": 0.8086687306501548, "micro avg/recall": 0.8086687306501548, "micro avg/f1-score": 0.8086687306501548, "micro avg/support": 1615, "macro avg/precision": 0.7008823529411765, "macro avg/recall": 0.7106372634389876, "macro avg/f1-score": 0.7054605206077593, "macro avg/support": 1615, "weighted avg/precision": 0.8135104716809325, "weighted avg/recall": 0.8086687306501548, "weighted avg/f1-score": 0.810935856602969, "weighted avg/support": 1615, "accuracy": 0.8086687306501548, "roc_auc": 0.7928156081891715, "pr_auc": 0.5004003354443346}