{"0.0/precision": 0.9752136752136752, "0.0/recall": 0.8804012345679012, "0.0/f1-score": 0.9253852392538523, "0.0/support": 1296, "1.0/precision": 0.651685393258427, "1.0/recall": 0.9090909090909091, "1.0/f1-score": 0.7591623036649215, "1.0/support": 319, "micro avg/precision": 0.8860681114551083, "micro avg/recall": 0.8860681114551083, "micro avg/f1-score": 0.8860681114551083, "micro avg/support": 1615, "macro avg/precision": 0.813449534236051, "macro avg/recall": 0.8947460718294051, "macro avg/f1-score": 0.8422737714593869, "macro avg/support": 1615, "weighted avg/precision": 0.9113093272609047, "weighted avg/recall": 0.8860681114551083, "weighted avg/f1-score": 0.8925523498093515, "weighted avg/support": 1615, "accuracy": 0.8860681114551083, "roc_auc": 0.9372581175742095, "pr_auc": 0.8173441435454827}