{"0.0/precision": 0.9564393939393939, "0.0/recall": 0.8676975945017182, "0.0/f1-score": 0.9099099099099098, "0.0/support": 582, "1.0/precision": 0.24509803921568626, "1.0/recall": 0.5208333333333334, "1.0/f1-score": 0.33333333333333326, "1.0/support": 48, "micro avg/precision": 0.8412698412698413, "micro avg/recall": 0.8412698412698413, "micro avg/f1-score": 0.8412698412698413, "micro avg/support": 630, "macro avg/precision": 0.60076871657754, "macro avg/recall": 0.6942654639175259, "macro avg/f1-score": 0.6216216216216215, "macro avg/support": 630, "weighted avg/precision": 0.9022419573890161, "weighted avg/recall": 0.8412698412698413, "weighted avg/f1-score": 0.8659802659802659, "weighted avg/support": 630, "accuracy": 0.8412698412698413, "roc_auc": 0.7385094501718213, "pr_auc": 0.29074876766072927}