{"0.0/precision": 0.9690402476780186, "0.0/recall": 0.5378006872852233, "0.0/f1-score": 0.6917127071823205, "0.0/support": 582, "1.0/precision": 0.1237785016286645, "1.0/recall": 0.7916666666666666, "1.0/f1-score": 0.21408450704225354, "1.0/support": 48, "micro avg/precision": 0.5571428571428572, "micro avg/recall": 0.5571428571428572, "micro avg/f1-score": 0.5571428571428572, "micro avg/support": 630, "macro avg/precision": 0.5464093746533415, "macro avg/recall": 0.664733676975945, "macro avg/f1-score": 0.452898607112287, "macro avg/support": 630, "weighted avg/precision": 0.9046393527409249, "weighted avg/recall": 0.5571428571428572, "weighted avg/f1-score": 0.6553219871716487, "weighted avg/support": 630, "accuracy": 0.5571428571428572, "roc_auc": 0.7779388602520045, "pr_auc": 0.36892846493695475}