{"0.0/precision": 0.9745547073791349, "0.0/recall": 0.6580756013745704, "0.0/f1-score": 0.7856410256410256, "0.0/support": 582, "1.0/precision": 0.16033755274261605, "1.0/recall": 0.7916666666666666, "1.0/f1-score": 0.26666666666666666, "1.0/support": 48, "micro avg/precision": 0.6682539682539682, "micro avg/recall": 0.6682539682539682, "micro avg/f1-score": 0.6682539682539682, "micro avg/support": 630, "macro avg/precision": 0.5674461300608754, "macro avg/recall": 0.7248711340206185, "macro avg/f1-score": 0.5261538461538461, "macro avg/support": 630, "weighted avg/precision": 0.9125191146449239, "weighted avg/recall": 0.6682539682539682, "weighted avg/f1-score": 0.7461001221001221, "weighted avg/support": 630, "accuracy": 0.6682539682539682, "roc_auc": 0.7695983676975946, "pr_auc": 0.3769436463799935}