{"0/precision": 0.8919041157847128, "0/recall": 0.9029304029304029, "0/f1-score": 0.8973833902161548, "0/support": 2184, "1/precision": 0.9011655011655012, "1/recall": 0.889963167587477, "1/f1-score": 0.895529302756544, "1/support": 2172, "micro avg/precision": 0.8964646464646465, "micro avg/recall": 0.8964646464646465, "micro avg/f1-score": 0.8964646464646465, "micro avg/support": 4356, "macro avg/precision": 0.896534808475107, "macro avg/recall": 0.89644678525894, "macro avg/f1-score": 0.8964563464863493, "macro avg/support": 4356, "weighted avg/precision": 0.8965220517459324, "weighted avg/recall": 0.8964646464646465, "weighted avg/f1-score": 0.8964589003258254, "weighted avg/support": 4356, "accuracy": 0.8964646464646465, "roc_auc": 0.9600288638617368, "pr_auc": 0.9560277371937544}