{"0/precision": 0.8983812949640287, "0/recall": 0.9148351648351648, "0/f1-score": 0.9065335753176044, "0/support": 2184, "1/precision": 0.9127579737335835, "1/recall": 0.8959484346224678, "1/f1-score": 0.904275092936803, "1/support": 2172, "micro avg/precision": 0.9054178145087236, "micro avg/recall": 0.9054178145087236, "micro avg/f1-score": 0.9054178145087236, "micro avg/support": 4356, "macro avg/precision": 0.9055696343488061, "macro avg/recall": 0.9053917997288163, "macro avg/f1-score": 0.9054043341272037, "macro avg/support": 4356, "weighted avg/precision": 0.9055498317609693, "weighted avg/recall": 0.9054178145087236, "weighted avg/f1-score": 0.9054074449844776, "weighted avg/support": 4356, "accuracy": 0.9054178145087236, "roc_auc": 0.9633670120548574, "pr_auc": 0.9571702426415858}