{"0/precision": 0.9, "0/recall": 0.8695054945054945, "0/f1-score": 0.8844899860270145, "0/support": 2184, "1/precision": 0.8731077471059662, "1/recall": 0.9028545119705341, "1/f1-score": 0.8877320054323224, "1/support": 2172, "micro avg/precision": 0.8861340679522498, "micro avg/recall": 0.8861340679522498, "micro avg/f1-score": 0.8861340679522498, "micro avg/support": 4356, "macro avg/precision": 0.8865538735529831, "macro avg/recall": 0.8861800032380143, "macro avg/f1-score": 0.8861109957296684, "macro avg/support": 4356, "weighted avg/precision": 0.886590915223636, "weighted avg/recall": 0.8861340679522498, "weighted avg/f1-score": 0.8861065301382012, "weighted avg/support": 4356, "accuracy": 0.8861340679522498, "roc_auc": 0.949205864347439, "pr_auc": 0.9422396945512703}