{"0/precision": 0.8878634056299031, "0/recall": 0.8809523809523809, "0/f1-score": 0.8843943920937715, "0/support": 2184, "1/precision": 0.8812243033348561, "1/recall": 0.888121546961326, "1/f1-score": 0.8846594817702362, "1/support": 2172, "micro avg/precision": 0.8845270890725436, "micro avg/recall": 0.8845270890725436, "micro avg/f1-score": 0.8845270890725436, "micro avg/support": 4356, "macro avg/precision": 0.8845438544823796, "macro avg/recall": 0.8845369639568534, "macro avg/f1-score": 0.8845269369320039, "macro avg/support": 4356, "weighted avg/precision": 0.8845529992513811, "weighted avg/recall": 0.8845270890725436, "weighted avg/f1-score": 0.8845265717947085, "weighted avg/support": 4356, "accuracy": 0.8845270890725436, "roc_auc": 0.9499488579253772, "pr_auc": 0.946612106852219}