{"0/precision": 0.9112865768694844, "0/recall": 0.8983516483516484, "0/f1-score": 0.904772884482361, "0/support": 2184, "1/precision": 0.8992283250113482, "1/recall": 0.9120626151012892, "1/f1-score": 0.9056000000000001, "1/support": 2172, "micro avg/precision": 0.9051882460973371, "micro avg/recall": 0.9051882460973371, "micro avg/f1-score": 0.9051882460973371, "micro avg/support": 4356, "macro avg/precision": 0.9052574509404163, "macro avg/recall": 0.9052071317264687, "macro avg/f1-score": 0.9051864422411806, "macro avg/support": 4356, "weighted avg/precision": 0.9052740601027554, "weighted avg/recall": 0.9051882460973371, "weighted avg/f1-score": 0.905185302963608, "weighted avg/support": 4356, "accuracy": 0.9051882460973371, "roc_auc": 0.9656658757142182, "pr_auc": 0.9607937534202404}