{"0.0/precision": 0.9702970297029703, "0.0/recall": 0.545201668984701, "0.0/f1-score": 0.6981300089047195, "0.0/support": 719, "1.0/precision": 0.16153846153846155, "1.0/recall": 0.84, "1.0/f1-score": 0.2709677419354839, "1.0/support": 75, "micro avg/precision": 0.5730478589420654, "micro avg/recall": 0.5730478589420654, "micro avg/f1-score": 0.5730478589420654, "micro avg/support": 794, "macro avg/precision": 0.565917745620716, "macro avg/recall": 0.6926008344923504, "macro avg/f1-score": 0.4845488754201017, "macro avg/support": 794, "weighted avg/precision": 0.8939029584027963, "weighted avg/recall": 0.5730478589420656, "weighted avg/f1-score": 0.6577809282716054, "weighted avg/support": 794, "accuracy": 0.5730478589420654, "roc_auc": 0.7908762169680111, "pr_auc": 0.36543827232886744}