{"0.0/precision": 0.9496183206106871, "0.0/recall": 0.8650904033379694, "0.0/f1-score": 0.9053857350800582, "0.0/support": 719, "1.0/precision": 0.302158273381295, "1.0/recall": 0.56, "1.0/f1-score": 0.39252336448598135, "1.0/support": 75, "micro avg/precision": 0.836272040302267, "micro avg/recall": 0.836272040302267, "micro avg/f1-score": 0.836272040302267, "micro avg/support": 794, "macro avg/precision": 0.625888296995991, "macro avg/recall": 0.7125452016689847, "macro avg/f1-score": 0.6489545497830198, "macro avg/support": 794, "weighted avg/precision": 0.8884602556960719, "weighted avg/recall": 0.836272040302267, "weighted avg/f1-score": 0.8569415564974942, "weighted avg/support": 794, "accuracy": 0.836272040302267, "roc_auc": 0.7880945757997218, "pr_auc": 0.35995870978918076}