{"0.0/precision": 0.953198127925117, "0.0/recall": 0.8497913769123783, "0.0/f1-score": 0.8985294117647059, "0.0/support": 719, "1.0/precision": 0.29411764705882354, "1.0/recall": 0.6, "1.0/f1-score": 0.3947368421052632, "1.0/support": 75, "micro avg/precision": 0.8261964735516373, "micro avg/recall": 0.8261964735516373, "micro avg/f1-score": 0.8261964735516373, "micro avg/support": 794, "macro avg/precision": 0.6236578874919703, "macro avg/recall": 0.7248956884561891, "macro avg/f1-score": 0.6466331269349845, "macro avg/support": 794, "weighted avg/precision": 0.8909424149969407, "weighted avg/recall": 0.8261964735516373, "weighted avg/f1-score": 0.8509419524140031, "weighted avg/support": 794, "accuracy": 0.8261964735516373, "roc_auc": 0.8097450162262402, "pr_auc": 0.3330753992880269}