{"0/precision": 0.9424460431654677, "0/recall": 0.8181818181818182, "0/f1-score": 0.8759286775631501, "0/support": 4323, "1/precision": 0.3696872493985565, "1/recall": 0.6809453471196455, "1/f1-score": 0.4792099792099792, "1/support": 677, "micro avg/precision": 0.7996, "micro avg/recall": 0.7996, "micro avg/f1-score": 0.7996, "micro avg/support": 5000, "macro avg/precision": 0.6560666462820121, "macro avg/recall": 0.7495635826507319, "macro avg/f1-score": 0.6775693283865647, "macro avg/support": 5000, "weighted avg/precision": 0.8648945024894279, "weighted avg/recall": 0.7996, "weighted avg/f1-score": 0.8222129658061307, "weighted avg/support": 5000, "accuracy": 0.7996, "roc_auc": 0.830492392209442, "pr_auc": 0.4765435149560368}