{"0/precision": 0.9346938775510204, "0/recall": 0.8475595651168171, "0/f1-score": 0.8889967244935097, "0/support": 4323, "1/precision": 0.38981481481481484, "1/recall": 0.621861152141802, "1/f1-score": 0.479225953329539, "1/support": 677, "micro avg/precision": 0.817, "micro avg/recall": 0.817, "micro avg/f1-score": 0.817, "micro avg/support": 5000, "macro avg/precision": 0.6622543461829176, "macro avg/recall": 0.7347103586293096, "macro avg/f1-score": 0.6841113389115243, "macro avg/support": 5000, "weighted avg/precision": 0.8609172524565382, "weighted avg/recall": 0.817, "weighted avg/f1-score": 0.8335137620779082, "weighted avg/support": 5000, "accuracy": 0.817, "roc_auc": 0.8325179017388699, "pr_auc": 0.4768208208726942}