{"0/precision": 0.9476380193511668, "0/recall": 0.7702984038861902, "0/f1-score": 0.8498149802220237, "0/support": 4323, "1/precision": 0.33176312247644685, "1/recall": 0.7282127031019202, "1/f1-score": 0.4558483587609801, "1/support": 677, "micro avg/precision": 0.7646, "micro avg/recall": 0.7646, "micro avg/f1-score": 0.7646000000000001, "micro avg/support": 5000, "macro avg/precision": 0.6397005709138068, "macro avg/recall": 0.7492555534940553, "macro avg/f1-score": 0.652831669491502, "macro avg/support": 5000, "weighted avg/precision": 0.8642485583143298, "weighted avg/recall": 0.7646, "weighted avg/f1-score": 0.7964718996761985, "weighted avg/support": 5000, "accuracy": 0.7646, "roc_auc": 0.8274879547444861, "pr_auc": 0.4579772582833546}