{"0/precision": 0.9399574920297555, "0/recall": 0.8184131390238261, "0/f1-score": 0.8749845430938543, "0/support": 4323, "1/precision": 0.3648867313915858, "1/recall": 0.6661742983751846, "1/f1-score": 0.47151071615263984, "1/support": 677, "micro avg/precision": 0.7978, "micro avg/recall": 0.7978, "micro avg/f1-score": 0.7978, "micro avg/support": 5000, "macro avg/precision": 0.6524221117106707, "macro avg/recall": 0.7422937186995053, "macro avg/f1-score": 0.673247629623247, "macro avg/support": 5000, "weighted avg/precision": 0.8620929110393474, "weighted avg/recall": 0.7978, "weighted avg/f1-score": 0.8203541869260138, "weighted avg/support": 5000, "accuracy": 0.7978, "roc_auc": 0.8312902270190261, "pr_auc": 0.4684781345863477}