{"0/precision": 0.9059595407326407, "0/recall": 0.7770222743259085, "0/f1-score": 0.8365518111826327, "0/support": 4265, "1/precision": 0.29135618479880776, "1/recall": 0.5319727891156463, "1/f1-score": 0.37650457390467024, "1/support": 735, "micro avg/precision": 0.741, "micro avg/recall": 0.741, "micro avg/f1-score": 0.7410000000000001, "micro avg/support": 5000, "macro avg/precision": 0.5986578627657242, "macro avg/recall": 0.6544975317207774, "macro avg/f1-score": 0.6065281925436514, "macro avg/support": 5000, "weighted avg/precision": 0.8156128474103672, "weighted avg/recall": 0.741, "weighted avg/f1-score": 0.7689248673027722, "weighted avg/support": 5000, "accuracy": 0.741, "roc_auc": 0.7143715258670877, "pr_auc": 0.3031164066168062}