{"0/precision": 0.9169349645846748, "0/recall": 0.6677608440797186, "0/f1-score": 0.7727581060914394, "0/support": 4265, "1/precision": 0.2518479408658923, "1/recall": 0.6489795918367347, "1/f1-score": 0.3628756181057437, "1/support": 735, "micro avg/precision": 0.665, "micro avg/recall": 0.665, "micro avg/f1-score": 0.665, "micro avg/support": 5000, "macro avg/precision": 0.5843914527252836, "macro avg/recall": 0.6583702179582267, "macro avg/f1-score": 0.5678168620985915, "macro avg/support": 5000, "weighted avg/precision": 0.8191671720980138, "weighted avg/recall": 0.6649999999999999, "weighted avg/f1-score": 0.7125053803575422, "weighted avg/support": 5000, "accuracy": 0.665, "roc_auc": 0.7095855364420094, "pr_auc": 0.29131745077738136}