{"0/precision": 0.9162721893491125, "0/recall": 0.7261430246189918, "0/f1-score": 0.8102027468933944, "0/support": 4265, "1/precision": 0.27901234567901234, "1/recall": 0.6149659863945578, "1/f1-score": 0.38386411889596606, "1/support": 735, "micro avg/precision": 0.7098, "micro avg/recall": 0.7098, "micro avg/f1-score": 0.7098000000000001, "micro avg/support": 5000, "macro avg/precision": 0.5976422675140625, "macro avg/recall": 0.6705545055067748, "macro avg/f1-score": 0.5970334328946802, "macro avg/support": 5000, "weighted avg/precision": 0.8225949923296078, "weighted avg/recall": 0.7098, "weighted avg/f1-score": 0.7475309685777725, "weighted avg/support": 5000, "accuracy": 0.7098, "roc_auc": 0.7174645708224673, "pr_auc": 0.2978755353103296}