{"0/precision": 0.908278050187482, "0/recall": 0.7383352872215709, "0/f1-score": 0.8145369891360579, "0/support": 4265, "1/precision": 0.2720156555772994, "1/recall": 0.5673469387755102, "1/f1-score": 0.36772486772486773, "1/support": 735, "micro avg/precision": 0.7132, "micro avg/recall": 0.7132, "micro avg/f1-score": 0.7132, "micro avg/support": 5000, "macro avg/precision": 0.5901468528823907, "macro avg/recall": 0.6528411129985405, "macro avg/f1-score": 0.5911309284304628, "macro avg/support": 5000, "weighted avg/precision": 0.8147474781797851, "weighted avg/recall": 0.7132, "weighted avg/f1-score": 0.7488556072886129, "weighted avg/support": 5000, "accuracy": 0.7132, "roc_auc": 0.7062443078051852, "pr_auc": 0.28859745324628994}