{"0/precision": 0.8890476190476191, "0/recall": 0.8754982415005862, "0/f1-score": 0.8822209096278796, "0/support": 4265, "1/precision": 0.33625, "1/recall": 0.3659863945578231, "1/f1-score": 0.35048859934853416, "1/support": 735, "micro avg/precision": 0.8006, "micro avg/recall": 0.8006, "micro avg/f1-score": 0.8006, "micro avg/support": 5000, "macro avg/precision": 0.6126488095238095, "macro avg/recall": 0.6207423180292047, "macro avg/f1-score": 0.6163547544882069, "macro avg/support": 5000, "weighted avg/precision": 0.8077863690476191, "weighted avg/recall": 0.8006, "weighted avg/f1-score": 0.8040562600168157, "weighted avg/support": 5000, "accuracy": 0.8006, "roc_auc": 0.7200000000000001, "pr_auc": 0.3060601208344701}