{"0/precision": 0.7801418439716312, "0/recall": 0.8922363847045192, "0/f1-score": 0.8324324324324325, "0/support": 863, "1/precision": 0.8739837398373984, "1/recall": 0.7482598607888631, "1/f1-score": 0.80625, "1/support": 862, "micro avg/precision": 0.8202898550724638, "micro avg/recall": 0.8202898550724638, "micro avg/f1-score": 0.8202898550724637, "micro avg/support": 1725, "macro avg/precision": 0.8270627919045148, "macro avg/recall": 0.8202481227466911, "macro avg/f1-score": 0.8193412162162163, "macro avg/support": 1725, "weighted avg/precision": 0.8270355913549885, "weighted avg/recall": 0.8202898550724638, "weighted avg/f1-score": 0.8193488053270662, "weighted avg/support": 1725, "accuracy": 0.8202898550724638, "roc_auc": 0.9038265587318828, "pr_auc": 0.9085289390355197}