{"0/precision": 0.8273464658169177, "0/recall": 0.8273464658169177, "0/f1-score": 0.8273464658169177, "0/support": 863, "1/precision": 0.8271461716937355, "1/recall": 0.8271461716937355, "1/f1-score": 0.8271461716937355, "1/support": 862, "micro avg/precision": 0.8272463768115942, "micro avg/recall": 0.8272463768115942, "micro avg/f1-score": 0.8272463768115942, "micro avg/support": 1725, "macro avg/precision": 0.8272463187553266, "macro avg/recall": 0.8272463187553266, "macro avg/f1-score": 0.8272463187553266, "macro avg/support": 1725, "weighted avg/precision": 0.8272463768115942, "weighted avg/recall": 0.8272463768115942, "weighted avg/f1-score": 0.8272463768115942, "weighted avg/support": 1725, "accuracy": 0.8272463768115942, "roc_auc": 0.8997884141275914, "pr_auc": 0.9039646683274755}