{"0/precision": 0.9019908116385911, "0/recall": 0.6825028968713789, "0/f1-score": 0.7770448548812665, "0/support": 863, "1/precision": 0.7444029850746269, "1/recall": 0.925754060324826, "1/f1-score": 0.8252326783867632, "1/support": 862, "micro avg/precision": 0.8040579710144927, "micro avg/recall": 0.8040579710144927, "micro avg/f1-score": 0.8040579710144927, "micro avg/support": 1725, "macro avg/precision": 0.8231968983566089, "macro avg/recall": 0.8041284785981024, "macro avg/f1-score": 0.8011387666340148, "macro avg/support": 1725, "weighted avg/precision": 0.8232425759874971, "weighted avg/recall": 0.8040579710144927, "weighted avg/f1-score": 0.8011247991489407, "weighted avg/support": 1725, "accuracy": 0.8040579710144927, "roc_auc": 0.9061104494385044, "pr_auc": 0.9104553381867473}