{"0/precision": 0.8484848484848485, "0/recall": 0.746234067207416, "0/f1-score": 0.7940813810110975, "0/support": 863, "1/precision": 0.7732919254658385, "1/recall": 0.8665893271461717, "1/f1-score": 0.8172866520787745, "1/support": 862, "micro avg/precision": 0.8063768115942029, "micro avg/recall": 0.8063768115942029, "micro avg/f1-score": 0.8063768115942029, "micro avg/support": 1725, "macro avg/precision": 0.8108883869753435, "macro avg/recall": 0.8064116971767938, "macro avg/f1-score": 0.8056840165449359, "macro avg/support": 1725, "weighted avg/precision": 0.8109101820254938, "weighted avg/recall": 0.8063768115942029, "weighted avg/f1-score": 0.8056772903794092, "weighted avg/support": 1725, "accuracy": 0.8063768115942029, "roc_auc": 0.8936223124964711, "pr_auc": 0.8952021261491694}