{"0/precision": 0.973596256684492, "0/recall": 0.8011551155115512, "0/f1-score": 0.8789981894990948, "0/support": 3636, "1/precision": 0.36074270557029176, "1/recall": 0.837782340862423, "1/f1-score": 0.5043263288009889, "1/support": 487, "micro avg/precision": 0.8054814455493573, "micro avg/recall": 0.8054814455493573, "micro avg/f1-score": 0.8054814455493573, "micro avg/support": 4123, "macro avg/precision": 0.6671694811273918, "macro avg/recall": 0.819468728186987, "macro avg/f1-score": 0.6916622591500419, "macro avg/support": 4123, "weighted avg/precision": 0.9012072973362952, "weighted avg/recall": 0.8054814455493573, "weighted avg/f1-score": 0.8347427453661873, "weighted avg/support": 4123, "accuracy": 0.8054814455493573, "roc_auc": 0.9023369996137192, "pr_auc": 0.6399133632403442}