,pval_sig,mean,std
0,0.49,-0.15128434558650608,0.15224540429441535
1,0.58,0.15657384427154614,0.1393135469360324
