,pval_sig,mean,std
0,0.99,0.6543403002311049,0.09456254821754624
1,1.00,0.6554457264977779,0.09340278098866511
