,pval_sig,mean,std
0,0.93,0.4184761381573854,0.11487206670945177
1,0.81,0.3472840113825308,0.12669111095777
