,pval_sig,mean,std
0,0.58,0.25568496764024873,0.12510718629650583
1,0.60,,
