,pval_sig,mean,std
0,1.00,0.6852338921615841,0.07479108400515466
1,1.00,0.6309513600364339,0.07647143449901307
