,pval_sig,mean,std
0,1.00,0.4214145721662079,0.0521053358739519
1,1.00,0.4331147761617473,0.05530358585835407
