,pval_sig,mean,std
0,1.00,0.40251772254700274,0.05035929163868703
1,1.00,0.48246212819276635,0.06953528638142531
