,pval_sig,mean,std
0,1.00,0.5304090667519021,0.023788201540527406
1,1.00,0.5303221592591552,0.025112147443863808
