,pval_sig,mean,std
0,1.00,0.4932186096252695,0.04416878277899918
1,1.00,,
