,pval_sig,mean,std
0,1.00,0.5956374490555214,0.03051251885082636
1,1.00,0.5962918983921388,0.037548279079108016
