,pval_sig,mean,std
15,1.00,0.7245974098168375,0.08270378961064428
