,pval_sig,mean,std
Overall,0.99,0.7334596016299361,0.10932961635159001
