,pval_sig,mean,std
Overall,1.00,0.775427858349236,0.1173144741196378
