,pval_sig,mean,std
Overall,0.86,0.3703882135025423,0.21852858195487268
