,pval_sig,mean,std
Overall,0.27,0.0822818313114538,0.10797291911384747
