,pval_sig,mean,std
Overall,0.22,-0.04041872773880561,0.052348062067328796
