,pval_sig,mean,std
Overall,1.00,0.6694734273999231,0.10000712061170246
