,pval_sig,mean,std
Overall,0.84,0.28816331865929073,0.12943952472705506
