,pval_sig,mean,std
Overall,0.09,0.05436874355716356,0.07063359996956668
