,pval_sig,mean,std
Overall,0.91,0.15772502680091646,0.0701307501725324
