,pval_sig,mean,std
Overall,0.99,0.1974115913452628,0.06394332553275718
