,pval_sig,mean,std
Overall,1.00,0.4767324521179612,0.11149574058636051
