,pval_sig,mean,std
0,1.00,0.20222341912985853,0.055026093115606745
1,1.00,0.4438357189435286,0.06554519478103485
