,pval_sig,mean,std
0,1.00,0.4617388308355117,0.035112073405805834
1,1.00,0.4491000616159733,0.03526497189821266
