,pval_sig,mean,std
0,1.00,0.4971931753315928,0.041752901875681744
1,1.00,0.513275493352977,0.037522746144598516
