,pval_sig,mean,std
0,1.00,0.4651207515073042,0.05944153269990051
1,1.00,0.3815132633209869,0.07897927372330235
