,pval_sig,mean,std
0,0.99,0.26835898402434794,0.0683608611437234
1,1.00,0.36367222967975044,0.058763556915117525
