,pval_sig,mean,std
0,1.00,0.5854769512278576,0.08954291683120193
1,1.00,0.5484238518428329,0.09096797722316946
