,pval_sig,mean,std
0,1.00,0.6545851409941293,0.0491571372623044
1,1.00,0.6572794577765803,0.051526353140981446
