,pval_sig,mean,std
0,1.00,0.4555736880089858,0.056570549512630755
1,1.00,,
