,pval_sig,mean,std
0,0.88,0.1939793300367526,0.06719800494520818
1,0.91,0.2082009420558746,0.06886077972374237
