,pval_sig,mean,std
0,1.00,0.3762209870630587,0.06627829893543852
1,1.00,0.492771771116513,0.07941719412037053
