,pval_sig,mean,std
0,0.93,0.1355936851625122,0.07185019075416266
1,1.00,0.29789267654847124,0.07068226764841101
