,pval_sig,mean,std
0,1.00,0.34327467230936104,0.04403290683469981
1,1.00,0.36777299930559576,0.050161181165436344
