,pval_sig,mean,std
0,0.94,0.20146091839129052,0.08787325169512648
1,0.97,0.24436526310343834,0.09509791356618144
