,pval_sig,mean,std
Overall,1.00,0.39139693604929016,0.051807743760159
