,pval_sig,mean,std
Overall,1.00,0.4119635269400402,0.09057210754039702
