,pval_sig,mean,std
Overall,1.00,0.8923418603296767,0.022403788373265034
