,pval_sig,mean,std
Overall,1.00,0.23949445778867604,0.05908137076268736
