,pval_sig,mean,std
0,1.00,0.6460029765646375,0.03026081534146567
1,1.00,0.6437635925984041,0.031117022242003346
