,pval_sig,mean,std
0,0.96,0.17556992491682258,0.052809506071224276
1,0.98,0.2385582636194109,0.06936034269215051
