,pval_sig,mean,std
0,0.99,0.2403650592271725,0.05362534053630069
1,0.99,0.22483733924986005,0.05363693496085933
