,pval_sig,mean,std
0,0.33,0.2656513162089449,0.24072869837635544
1,0.35,0.286169583044876,0.23268663351881788
2,0.43,0.3333455232197073,0.23602167063565788
