,pval_sig,mean,std
0,0.06,-0.055605082335195705,0.19594110295500872
1,0.18,0.20310208300198504,0.18870004099042942
