,pval_sig,mean,std
0,0.71,0.45164016329469675,0.18707320239185665
1,0.79,0.49924004563749386,0.1660361674290805
