,pval_sig,mean,std
0,0.93,0.6918438624725088,0.15074861185991476
1,0.94,0.6905017604398371,0.1425113895467495
