,pval_sig,mean,std
0,0.59,0.3954431262411296,0.20964671140792632
1,0.58,0.384899176516322,0.19178195164350212
