,pval_sig,mean,std
0,0.41,0.3099474769303324,0.1858024429335947
1,0.52,0.36771369397459697,0.17886842201511574
