,pval_sig,mean,std
0,0.06,-0.03335832348361022,0.19126073119704645
1,0.33,0.25478065245212234,0.18605360791617256
