,pval_sig,mean,std
0,0.97,0.7138218946136269,0.13265834394773868
1,0.97,0.7117701080401777,0.1307971905385766
