,pval_sig,mean,std
0,0.82,0.5113694785612025,0.1740076333285614
1,0.79,0.4601848722573793,0.16256320668133528
