,pval_sig,mean,std
Overall,1.00,0.43241647535505046,0.18349133097689974
