,pval_sig,mean,std
Overall,1.00,0.4110766196184536,0.2372398785193327
