,pval_sig,mean,std
Overall,0.97,-0.09879998237170419,0.12077358720325178
