,pval_sig,mean,std
Overall,0.83,0.5275656901718335,0.3826418956800919
