,pval_sig,mean,std
Overall,0.99,0.22703716424512554,0.16155831634247636
