,pval_sig,mean,std
Overall,0.97,0.1022604089533693,0.12048198430241175
