,pval_sig,mean,std
Overall,1.00,0.24455967906679735,0.19006547354495165
