,pval_sig,mean,std
Overall,0.87,0.053503393802298106,0.20126229870938062
