,pval_sig,mean,std
Overall,0.95,-0.012916222615296662,0.09725651013432063
