,pval_sig,mean,std
Overall,0.99,0.2813963532100551,0.1662305548991501
