,pval_sig,mean,std
Overall,0.92,-0.01647869981933579,0.18413914300693726
