,pval_sig,mean,std
Overall,1.00,-0.10259371880743513,0.043233310828227796
