,pval_sig,mean,std
Overall,1.00,-0.0028850368370655433,0.04171736274777636
