,pval_sig,mean,std
Overall,1.00,0.213360675082407,0.056754194712505555
