,pval_sig,mean,std
Overall,1.00,0.11704452158512112,0.08555923073016543
