,pval_sig,mean,std
Overall,1.00,-0.03930507606789108,0.06070596127636484
