,pval_sig,mean,std
Overall,0.86,0.1440651242550402,0.18755142865353236
