,pval_sig,mean,std
Overall,0.91,0.0595512318378682,0.13133970822459426
