,pval_sig,mean,std
Overall,0.99,0.18868082969201913,0.10644658369973883
