,pval_sig,mean,std
Overall,1.00,0.28696748505071373,0.083508361157746
