,pval_sig,mean,std
Overall,0.99,0.18868039087690622,0.10646547538025594
