,pval_sig,mean,std
Overall,0.99,-0.04325956819110972,0.1565720422262948
