,pval_sig,mean,std
Overall,0.98,0.05282145522490887,0.11576381531834856
