,pval_sig,mean,std
Overall,0.98,-0.3368834682308409,0.14384191099232796
