,pval_sig,mean,std
Overall,1.00,0.44325574821205566,0.1521550006465218
