,pval_sig,mean,std
Overall,0.99,-0.1334061568434181,0.1715314475829351
