,pval_sig,mean,std
Overall,1.00,0.169625792693918,0.11847316097573268
