,pval_sig,mean,std
Overall,1.00,0.2869557420101108,0.08351064185848868
