,pval_sig,mean,std
Overall,0.97,0.4502957482244182,0.2391947400623771
