,pval_sig,mean,std
Overall,0.99,0.4380015329820081,0.16464195957048314
