,pval_sig,mean,std
Overall,1.00,-0.17858632994218665,0.12865415587853096
