,pval_sig,mean,std
Overall,0.98,0.052821385090671434,0.11576382891050474
