,pval_sig,mean,std
Overall,0.86,0.1440702082124258,0.18753411962886948
