,pval_sig,mean,std
Overall,0.98,0.24344600401290473,0.13429673047175014
