,pval_sig,mean,std
Overall,1.00,0.16976991814810077,0.11839324398031822
