,pval_sig,mean,std
Overall,0.99,-0.17227251476634653,0.06241079655467722
