,pval_sig,mean,std
Overall,0.96,0.33817518409180436,0.18745979347636332
