,pval_sig,mean,std
Overall,0.97,0.4502957548580801,0.23919473748024328
