,pval_sig,mean,std
Overall,0.99,0.4379905673701154,0.16463022499068442
