,pval_sig,mean,std
Overall,0.84,-0.008150193631757556,0.1346722519095142
