,pval_sig,mean,std
Overall,1.00,0.44322876444329734,0.1521740184417914
