,pval_sig,mean,std
Overall,0.91,0.05955121799253442,0.13133970890717872
