,pval_sig,mean,std
Overall,0.98,0.24344603779091992,0.13429667454729655
