,pval_sig,mean,std
Overall,0.99,-0.3110748398698625,0.17884741551533753
