,pval_sig,mean,std
Overall,1.00,0.38558348957636157,0.08582699079039055
