,pval_sig,mean,std
Overall,1.00,0.19477927221639102,0.11246380341334238
