,pval_sig,mean,std
Overall,1.00,0.19477924716069503,0.11246378002623712
