,pval_sig,mean,std
Overall,1.00,0.32371912613668336,0.08659993109601952
