,pval_sig,mean,std
Overall,1.00,-0.11763323589249415,0.12350057846100713
