,pval_sig,mean,std
Overall,1.00,0.34432226793883686,0.08500518870802415
