,pval_sig,mean,std
Overall,1.00,0.3855836079746497,0.0858269700479119
