,pval_sig,mean,std
Overall,1.00,-0.0816460111083075,0.10326928176220343
