,pval_sig,mean,std
Overall,1.00,0.3443222674544564,0.08500518673967103
