,pval_sig,mean,std
Overall,1.00,0.3237192021969621,0.08659995680226319
