,pval_sig,mean,std
Overall,1.00,0.08690956714742479,0.06030923578536269
