,pval_sig,mean,std
Overall,1.00,-0.09135458062778447,0.04996126622228524
