,pval_sig,mean,std
Overall,1.00,-0.08134257507423628,0.03614056735178716
