,pval_sig,mean,std
Overall,1.00,0.16389619497536223,0.05371252769637545
