,pval_sig,mean,std
Overall,1.00,0.08490414055901252,0.06134611536856236
