,pval_sig,mean,std
Overall,1.00,0.09058538537866696,0.04269131429245132
