,pval_sig,mean,std
Overall,1.00,0.38782075961090956,0.0961526106488821
