,pval_sig,mean,std
Overall,1.00,0.20654167128297274,0.04167089714351889
