,pval_sig,mean,std
Overall,1.00,0.12791229135380816,0.04272045851076625
