,pval_sig,mean,std
Overall,0.98,-0.07966345231725136,0.23294017217464164
