,pval_sig,mean,std
Overall,1.00,0.2265077365022071,0.12292871931902528
