,pval_sig,mean,std
Overall,1.00,0.41939905264794086,0.09104732098782606
