,pval_sig,mean,std
Overall,1.00,0.06307222193876007,0.13154453355322993
