,pval_sig,mean,std
Overall,1.00,0.23051419216654856,0.11695209613320463
