,pval_sig,mean,std
Overall,1.00,0.5105984647656547,0.1492587371959656
