,pval_sig,mean,std
Overall,1.00,0.17560727149097383,0.09922782560875028
