,pval_sig,mean,std
Overall,1.00,0.21830694550309426,0.06279467735609341
