,pval_sig,mean,std
Overall,0.99,0.2531011566012371,0.1308848538089842
