,pval_sig,mean,std
Overall,1.00,0.411063696044871,0.1340807327121525
