,pval_sig,mean,std
Overall,1.00,0.15894203210927196,0.26866594923764636
