,pval_sig,mean,std
Overall,1.00,-0.23288385793642344,0.21296614807394115
