,pval_sig,mean,std
Overall,1.00,0.3392831617189406,0.10848560227117006
