,pval_sig,mean,std
Overall,1.00,0.06850763185502969,0.12340677599948614
