,pval_sig,mean,std
Overall,1.00,-0.16699998271250188,0.04347635010906927
