,pval_sig,mean,std
Overall,1.00,-0.07303393964750454,0.046804042452514114
