,pval_sig,mean,std
Overall,1.00,0.24050562274926496,0.07458801208631488
