,pval_sig,mean,std
Overall,1.00,0.32194359026114394,0.047108478213428444
