,pval_sig,mean,std
Overall,0.65,0.005646934599290973,0.2662830548667611
