,pval_sig,mean,std
Overall,0.74,0.15369542918958823,0.3051938451387949
