,pval_sig,mean,std
Overall,0.73,0.07577074841723828,0.27585835655366014
