,pval_sig,mean,std
Overall,0.68,-0.09322930997662703,0.2245479353226598
