,pval_sig,mean,std
Overall,0.85,-0.00671477974904413,0.21866306294908924
