,pval_sig,mean,std
Overall,0.74,0.15369447048946439,0.3051948769635614
