,pval_sig,mean,std
Overall,0.55,-0.04934360313724444,0.26005849846158646
