,pval_sig,mean,std
Overall,0.95,0.42050413361328776,0.2751292944298043
