,pval_sig,mean,std
Overall,0.94,0.3467973654243086,0.2793844846885196
