,pval_sig,mean,std
Overall,0.99,0.6441982178078344,0.24996090736798862
