,pval_sig,mean,std
Overall,0.91,0.1361595583747268,0.18474692071653412
