,pval_sig,mean,std
Overall,0.79,-0.0645576010661963,0.23103377264901973
