,pval_sig,mean,std
Overall,0.98,0.3645266636202913,0.23544725636419203
