,pval_sig,mean,std
Overall,0.89,0.5572994102001073,0.30505119899707883
