,pval_sig,mean,std
Overall,0.94,0.4949963221731927,0.24589982754306797
