,pval_sig,mean,std
Overall,0.82,-0.003638400850199457,0.1931963136636611
