,pval_sig,mean,std
Overall,0.87,0.09921772172583297,0.20073402045425282
