,pval_sig,mean,std
Overall,0.89,0.16439938119399725,0.21565068826287254
