,pval_sig,mean,std
Overall,1.00,0.07403229621157305,0.1500123319743201
