,pval_sig,mean,std
Overall,1.00,-0.015682038634102426,0.09894037663499129
