,pval_sig,mean,std
Overall,1.00,-0.008999732394156237,0.08835787696127999
