,pval_sig,mean,std
Overall,1.00,0.001880338945605634,0.07117717747482194
