,pval_sig,mean,std
Overall,1.00,-0.04589753918362128,0.08721555179454858
