,pval_sig,mean,std
Overall,1.00,0.006273470710896912,0.05330138811667116
