,pval_sig,mean,std
Overall,1.00,-0.028750618440465146,0.09569629036606014
