,pval_sig,mean,std
Overall,1.00,0.005862473709535734,0.07389108150921468
