,pval_sig,mean,std
Overall,1.00,-0.030624303218967606,0.0673015202636135
