,pval_sig,mean,std
Overall,1.00,0.06654140448876426,0.08655238648593999
