,pval_sig,mean,std
Overall,1.00,-0.05118556641910666,0.07066952525991932
