,pval_sig,mean,std
Overall,1.00,-0.0034954656103281054,0.0747688232842871
