,pval_sig,mean,std
Overall,1.00,0.018871176012510316,0.019103604750125062
