,pval_sig,mean,std
Overall,1.00,-0.011172859059552556,0.03018761523377714
