,pval_sig,mean,std
Overall,1.00,0.02761552145414372,0.02227832563835588
