,pval_sig,mean,std
Overall,1.00,0.06402411872844128,0.03559610448703375
