,pval_sig,mean,std
Overall,1.00,0.028191920164308406,0.026592661061298623
