,pval_sig,mean,std
Overall,1.00,-0.01721575880047618,0.02507269843104725
