,pval_sig,mean,std
Overall,1.00,0.009914986646898981,0.16987498646286528
