,pval_sig,mean,std
Overall,1.00,0.031634453346094424,0.0413883449720301
