,pval_sig,mean,std
Overall,1.00,-0.0067062629639744065,0.1625429437403221
