,pval_sig,mean,std
Overall,1.00,-0.05106967334773402,0.18077054477811969
