,pval_sig,mean,std
Overall,1.00,-0.0029017535781875265,0.044766003645874464
