,pval_sig,mean,std
Overall,1.00,0.025841101752990796,0.037341856602663676
