,pval_sig,mean,std
Overall,1.00,-0.0340211055000518,0.1705039609089794
