,pval_sig,mean,std
Overall,1.00,-0.012510537828164883,0.10771163094851414
