,pval_sig,mean,std
Overall,1.00,-0.00493115250452415,0.057517121604451035
