,pval_sig,mean,std
Overall,1.00,0.008729072113835468,0.06999708600480488
