,pval_sig,mean,std
Overall,1.00,0.021714037194969494,0.09135188737566735
