,pval_sig,mean,std
Overall,1.00,-0.0013989547468982054,0.03643452626485224
