,pval_sig,mean,std
Overall,1.00,-0.018510116365696074,0.10695284383863116
