,pval_sig,mean,std
Overall,1.00,0.006186494469248506,0.054893411855912774
