,pval_sig,mean,std
Overall,1.00,0.008718304786379501,0.052407747249254406
