,pval_sig,mean,std
Overall,1.00,-0.0021062450937270227,0.028090543126918912
