,pval_sig,mean,std
Overall,1.00,-0.011073463810750703,0.08490806090814362
