,pval_sig,mean,std
Overall,1.00,0.03317067590859214,0.061466092803796696
