,pval_sig,mean,std
Overall,1.00,0.012459900461282824,0.08807706021413902
