,pval_sig,mean,std
Overall,1.00,0.0014840902276147846,0.038388237505985745
