,pval_sig,mean,std
Overall,1.00,0.040643850169695836,0.031460658597227145
