,pval_sig,mean,std
Overall,1.00,0.024276622565931553,0.023486716958753474
