,pval_sig,mean,std
Overall,1.00,0.03142865327986047,0.03198230810625456
