,pval_sig,mean,std
Overall,1.00,0.047000799013590985,0.07688402998717768
