,pval_sig,mean,std
Overall,1.00,0.0005554446873183921,0.019865879179557913
