,pval_sig,mean,std
Overall,1.00,-0.0030164604133607166,0.01688843524622701
