,pval_sig,mean,std
Overall,1.00,0.05526944177306672,0.027550294590119737
