,pval_sig,mean,std
Overall,1.00,0.010792312858215412,0.01974086723955148
