,pval_sig,mean,std
Overall,1.00,-0.0052437875426343756,0.015518405492178592
