,pval_sig,mean,std
Overall,1.00,0.01090839214043066,0.01820202133923746
