,pval_sig,mean,std
Overall,1.00,-0.03019978075071599,0.04923067114412348
