,pval_sig,mean,std
Overall,1.00,0.12782081207286405,0.08306957130182799
