,pval_sig,mean,std
Overall,1.00,0.028573335253283514,0.07205464561485098
