,pval_sig,mean,std
Overall,1.00,-0.019666098576337294,0.03819365214906188
