,pval_sig,mean,std
Overall,1.00,0.011313990318993543,0.058893562366928574
