,pval_sig,mean,std
Overall,1.00,0.03690711559422046,0.08510640194507152
