,pval_sig,mean,std
Overall,1.00,-0.0030740454987885826,0.11294447779662875
