,pval_sig,mean,std
Overall,1.00,-0.016083063040492916,0.12221823070891993
