,pval_sig,mean,std
Overall,1.00,0.013301752640878002,0.11778076791059128
