,pval_sig,mean,std
Overall,1.00,-0.04618462718048744,0.134554321459747
