,pval_sig,mean,std
Overall,1.00,-0.0044039815778781225,0.12116835879500966
