,pval_sig,mean,std
Overall,1.00,0.019669727271778667,0.1186474105315397
