,pval_sig,mean,std
Overall,1.00,-0.1266308932363057,0.10522296510565493
