,pval_sig,mean,std
Overall,1.00,-0.14706473677376952,0.16637270022119482
