,pval_sig,mean,std
Overall,1.00,-0.0358872179114702,0.08719379678413458
