,pval_sig,mean,std
Overall,1.00,-0.10284343415113337,0.12763651027501638
