,pval_sig,mean,std
Overall,1.00,-0.08236761626866974,0.11255374563961322
