,pval_sig,mean,std
Overall,1.00,-0.029089270436728654,0.10292783430934045
