,pval_sig,mean,std
Overall,1.00,-0.029621384810758714,0.08685233360689368
