,pval_sig,mean,std
Overall,1.00,-0.01550220153407456,0.07335896098689844
