,pval_sig,mean,std
Overall,1.00,-0.0318463074713812,0.09210129128279008
