,pval_sig,mean,std
Overall,1.00,-0.10320463922689417,0.1319413612031785
