,pval_sig,mean,std
Overall,1.00,-0.10241015841422915,0.11727261641474941
