,pval_sig,mean,std
Overall,1.00,-0.008940435789436294,0.15924175192664636
