,pval_sig,mean,std
0,0.00,0.16769793874031022,0.06344991866856917
1,0.00,0.11211832702727857,0.06641662273341103
