,pval_sig,mean,std
0,0.00,0.08022699965374903,0.10443482423946715
1,0.00,0.20460693424594328,0.14329711945350673
