,pval_sig,mean,std
0,0.00,0.154308607870926,0.07476291180805451
1,0.00,0.14140993908322358,0.07668372450860594
