,pval_sig,mean,std
0,0.00,0.05757460761435834,0.05641544736904229
1,0.00,0.06287626089019686,0.055646338665009946
