,pval_sig,mean,std
0,0.00,0.17408671455967994,0.07624938882126395
1,0.00,0.11452071432642805,0.061401064051263464
