,pval_sig,mean,std
0,0.00,0.16579259550979605,0.07330120852467505
1,0.00,0.1554202740031232,0.06334851730863739
