,pval_sig,mean,std
0,0.00,0.19938071429311147,0.0609795704876817
1,0.00,0.1876389794205058,0.06146166374779352
