,pval_sig,mean,std
0,0.00,0.1658329733215635,0.07434112168169106
1,0.00,0.19543276759184852,0.08820643378487573
