,pval_sig,mean,std
0,0.00,0.1083878148588138,0.07038902042372927
1,0.00,0.21777927052274615,0.12288362728229438
