,pval_sig,mean,std
0,0.00,0.165847230322929,0.08211032837911832
1,0.00,0.1610723163784495,0.09598704071695766
