,pval_sig,mean,std
0,0.00,0.15242498507352575,0.05866548200349097
1,0.00,0.15511267186057198,0.060113913204349285
