,pval_sig,mean,std
0,0.00,0.14333242550892436,0.05875277501666501
1,0.00,0.1662909042830548,0.057544561338722884
