,pval_sig,mean,std
0,0.00,0.18347340305906795,0.02081865310783878
1,0.00,0.20187151633640515,0.038124200391254325
