,pval_sig,mean,std
0,0.00,0.15993045200142164,0.014044120283796861
1,0.00,0.16532017901018572,0.017235262383064307
