,pval_sig,mean,std
0,0.00,0.1617372685819828,0.014828858232226433
1,0.00,0.15842048297648414,0.01630537131070118
