,pval_sig,mean,std
0,0.00,0.11639710684257684,0.02823945045081251
1,0.00,0.12155882537417928,0.032786193600727105
