,pval_sig,mean,std
0,0.00,0.15395231495294917,0.01204654032201117
1,0.00,0.15210075448865162,0.018251291918098156
