,pval_sig,mean,std
0,0.00,0.19100934302773812,0.02096807107139537
1,0.00,0.2089170042716357,0.021159720933145495
