,pval_sig,mean,std
Overall,0.00,0.21456196154075433,0.0837586288611515
