,pval_sig,mean,std
Overall,0.00,0.22488174179147338,0.1632176527309103
