,pval_sig,mean,std
Overall,0.00,0.1973708007854217,0.1495852920561612
