,pval_sig,mean,std
Overall,0.00,0.1562529337982492,0.053073792995695736
