,pval_sig,mean,std
Overall,0.00,0.19668468931286476,0.09277333407472162
