,pval_sig,mean,std
Overall,0.00,0.22264449495934333,0.08689830808347962
