,pval_sig,mean,std
Overall,0.00,0.14611876020027656,0.040794857795847225
