,pval_sig,mean,std
Overall,0.00,0.1534281725844472,0.06597163655531378
