,pval_sig,mean,std
9,0.00,0.02012083854056978,0.027472224036330446
