,pval_sig,mean,std
Overall,0.00,0.1509277670264437,0.03660705243146738
