,pval_sig,mean,std
Overall,0.00,0.1570305095504056,0.03633070817321881
