,pval_sig,mean,std
Overall,0.00,0.1847310511223372,0.12640828462987805
