,pval_sig,mean,std
Overall,0.00,0.1593250091708523,0.08450271885009684
