,pval_sig,mean,std
Overall,0.00,0.13262899784194312,0.033778705439973425
