,pval_sig,mean,std
Overall,0.00,0.17773413622604692,0.04663074616938524
