,pval_sig,mean,std
Overall,0.00,0.1452239960486808,0.038599823290647234
