,pval_sig,mean,std
Overall,0.00,0.14334746544384833,0.039998821503733795
