,pval_sig,mean,std
Overall,0.00,0.16580873114161798,0.08779873794779415
