,pval_sig,mean,std
Overall,0.00,0.17121637076425922,0.029915182527508532
