,pval_sig,mean,std
Overall,0.00,0.1399507167175823,0.023910086070815323
