,pval_sig,mean,std
Overall,0.00,0.1341970886059183,0.022611246008231178
