,pval_sig,mean,std
Overall,0.00,0.19763443876982828,0.060376114263952646
