,pval_sig,mean,std
Overall,0.00,0.1869270383912303,0.04257533650905874
