,pval_sig,mean,std
Overall,0.00,0.13002408452833822,0.022140999139388006
