,pval_sig,mean,std
0,0.00,0.16220300731645776,0.01155593931697913
1,0.00,0.15340781623699995,0.011387121305316161
