,pval_sig,mean,std
0,0.00,0.1538934809556931,0.02427434820677538
1,0.00,0.18852183839173936,0.03764441314456082
