,pval_sig,mean,std
0,0.00,0.16236995844816582,0.012586736157206383
1,0.00,0.15728023853270895,0.011903860539437351
