,pval_sig,mean,std
0,0.00,0.13109145848563336,0.01887769761897453
1,0.00,0.12406073866187178,0.018258635825648226
