,pval_sig,mean,std
0,0.00,0.20077007260084245,0.023868519066926806
1,0.00,0.19694715558051473,0.023893181092489255
