,pval_sig,mean,std
0,0.00,0.16332949969822588,0.014195413849603095
1,0.00,0.15370340144649539,0.01309077797697898
