,pval_sig,mean,std
0,0.00,0.1350412825109024,0.03432629042294924
1,0.00,0.1511339789972503,0.032876052396605536
