,pval_sig,mean,std
0,0.00,0.14769547695220397,0.02601031003659276
1,0.00,0.14771524765846022,0.02627542333977507
