,pval_sig,mean,std
0,0.00,0.17517077874289352,0.0882353598612964
1,0.00,0.14910522389601835,0.07585219964605018
