,pval_sig,mean,std
0,0.00,0.17618005835589856,0.04731848951469841
1,0.00,0.17447463349696016,0.041342766924755296
