,pval_sig,mean,std
0,0.00,0.20951985862376066,0.06227227880117533
1,0.00,0.16765568485637378,0.06288767349089393
