,pval_sig,mean,std
0,0.00,0.153332755086105,0.04931558904061557
1,0.00,0.16911503515304424,0.052222133143366434
