,pval_sig,mean,std
0,0.00,0.2490568227798793,0.12174456221385371
1,0.00,0.24406819204712743,0.11074033263940486
2,0.00,0.24626333843460482,0.11356040761462824
