,pval_sig,mean,std
0,0.00,0.18796075721681552,0.09325358993352738
1,0.00,0.20436954938560273,0.10191901476290664
2,0.00,0.1977159394813205,0.0981735365658308
