,pval_sig,mean,std
0,0.00,0.26735193643628696,0.13679161896304876
1,0.00,0.2501472801347864,0.12074221147246356
2,0.00,0.2622330171605174,0.1269464756346998
