,pval_sig,mean,std
0,0.00,0.2995267174425533,0.14192113279088023
1,0.00,0.29868481905071687,0.14099684727355355
2,0.00,0.2928785422568322,0.1372093444120922
