,pval_sig,mean,std
0,0.00,0.25868676043875594,0.12482429573032246
1,0.00,0.25564628048815646,0.12339420511028215
2,0.00,0.2566173333996014,0.12628622688873858
