,pval_sig,mean,std
0,0.00,0.21798314374569036,0.09523150966377876
1,0.00,0.22643536626058422,0.09363077949662467
2,0.00,0.2205943000357963,0.0946186662180608
