,pval_sig,mean,std
0,0.00,0.19151855927018682,0.10518295694861696
1,0.00,0.19920033117738647,0.10232714987105682
