,pval_sig,mean,std
0,0.00,0.13017181820292903,0.08179430909712274
1,0.00,0.13770573876344935,0.08502587153326512
