,pval_sig,mean,std
0,0.00,0.24285102067381642,0.11386798695627603
1,0.00,0.22361929972198133,0.10040663733381071
