,pval_sig,mean,std
0,0.00,0.16424943659141236,0.08623117876756863
1,0.00,0.1843163621998688,0.0893113422899929
