,pval_sig,mean,std
0,0.00,0.20060065287830695,0.09893131389684345
1,0.00,0.25543987272087926,0.10552889317101545
