,pval_sig,mean,std
0,0.00,0.28165421857376444,0.13442956680866028
1,0.00,0.29157662938930223,0.1423587706556149
