,pval_sig,mean,std
0,0.00,0.26484376741475946,0.18538545550455546
1,0.00,0.20229923463035723,0.09794245879239408
