,pval_sig,mean,std
0,0.00,0.20337621704368813,0.09486312577335575
1,0.00,0.16869654887896995,0.07463014617165645
