,pval_sig,mean,std
0,0.00,0.10641550590738962,0.07044037624234978
1,0.00,0.10111003276772021,0.060955581607095834
