,pval_sig,mean,std
0,0.00,0.25037453354360284,0.12845354725637653
1,0.00,0.1793446948396981,0.0864938977344304
