,pval_sig,mean,std
0,0.00,0.15856560109944465,0.08850439479665893
1,0.00,0.16394096530195407,0.07522624235711664
