,pval_sig,mean,std
0,0.00,0.21583377354613556,0.1761794091974373
1,0.00,0.12866506662322,0.10967504852645639
