,pval_sig,mean,std
Overall,1.00,-0.00421502900085021,0.10180347209800229
