,pval_sig,mean,std
Overall,1.00,0.014430045279474385,0.09505355394554957
