,pval_sig,mean,std
Overall,1.00,-0.010015174812954518,0.08922528713602454
