,pval_sig,mean,std
Overall,1.00,0.08109378903043002,0.09582603721845374
