,pval_sig,mean,std
Overall,1.00,-0.04174344505307776,0.0781033744366747
