,pval_sig,mean,std
Overall,1.00,-0.005623147949524212,0.05975087658319424
