,pval_sig,mean,std
Overall,1.00,-0.03778667595550553,0.10000428125249299
