,pval_sig,mean,std
Overall,1.00,-0.04606500670319997,0.09252825701025065
