,pval_sig,mean,std
Overall,1.00,0.021756527578113857,0.08010421332511163
