,pval_sig,mean,std
Overall,1.00,0.00523828922096011,0.10263951510328843
