,pval_sig,mean,std
Overall,1.00,-0.0548491596342639,0.07130048802555285
