,pval_sig,mean,std
Overall,1.00,-0.009920069439387164,0.0740787148649955
