,pval_sig,mean,std
Overall,1.00,0.01732274521145535,0.021168782463888123
