,pval_sig,mean,std
Overall,1.00,-0.02113573305760748,0.022926840560530872
