,pval_sig,mean,std
Overall,1.00,0.026205344690756225,0.02362146912728176
