,pval_sig,mean,std
Overall,1.00,-0.00382903877533027,0.020712003212412074
