,pval_sig,mean,std
Overall,1.00,0.021914072396864652,0.021548948374005464
