,pval_sig,mean,std
Overall,1.00,-0.007619753190731896,0.031817230985207744
