,pval_sig,mean,std
Overall,1.00,-0.03862050395396495,0.13474013512829452
