,pval_sig,mean,std
Overall,1.00,-0.0296854600963115,0.10545797648046573
