,pval_sig,mean,std
Overall,1.00,0.012202047750324865,0.04956481077060787
