,pval_sig,mean,std
Overall,1.00,0.00689226693434707,0.05469127470598089
