,pval_sig,mean,std
Overall,1.00,0.0010628196348234447,0.039425537015512324
