,pval_sig,mean,std
Overall,1.00,0.030798535225133122,0.042126430462539444
