,pval_sig,mean,std
Overall,1.00,0.00810824292867613,0.0892043136227359
