,pval_sig,mean,std
Overall,1.00,-0.04088180011714171,0.09208199802149719
