,pval_sig,mean,std
Overall,1.00,0.03491934626779222,0.06250945656936634
