,pval_sig,mean,std
Overall,1.00,0.002862301601234118,0.03533120894994218
