,pval_sig,mean,std
Overall,1.00,0.00315742640198115,0.11756340407963316
