,pval_sig,mean,std
Overall,1.00,0.035027699739631525,0.09988826670435905
