,pval_sig,mean,std
Overall,1.00,-0.023289267727527787,0.07342377059365043
