,pval_sig,mean,std
Overall,1.00,0.010591440318077669,0.031938770230304454
