,pval_sig,mean,std
Overall,1.00,0.02942397974257819,0.038055177745112995
