,pval_sig,mean,std
Overall,1.00,0.03624813850210219,0.07523994039187598
