,pval_sig,mean,std
Overall,1.00,-0.02140024736524712,0.14283488640752398
