,pval_sig,mean,std
Overall,1.00,0.000323594164411336,0.06561074706843009
