,pval_sig,mean,std
Overall,1.00,0.03305074362919551,0.028808206879325525
