,pval_sig,mean,std
Overall,1.00,-0.027378250862277104,0.046610377969128855
