,pval_sig,mean,std
Overall,1.00,-0.0003475630522479397,0.03301737386640118
