,pval_sig,mean,std
Overall,1.00,0.0023877365988328007,0.036204119203831424
