,pval_sig,mean,std
Overall,1.00,0.0428785452124479,0.038323584789912254
