,pval_sig,mean,std
Overall,1.00,0.05051394093119068,0.0384766797851231
