,pval_sig,mean,std
Overall,1.00,0.016659720994074933,0.028000177877567086
