,pval_sig,mean,std
Overall,1.00,-0.006069294052372815,0.01719995463176075
