,pval_sig,mean,std
Overall,1.00,0.008317114043361443,0.019648316788775298
