,pval_sig,mean,std
Overall,1.00,-0.003243600369060753,0.017014624468220624
