,pval_sig,mean,std
Overall,1.00,-0.00017434301692456606,0.02400072691716006
