,pval_sig,mean,std
Overall,1.00,-0.009070570365114116,0.0221248459991276
