,pval_sig,mean,std
Overall,1.00,0.02101103802826087,0.0705411251519576
