,pval_sig,mean,std
Overall,1.00,0.01792667964786138,0.052136302057349385
