,pval_sig,mean,std
Overall,1.00,-0.010187776089041272,0.057141623930824004
