,pval_sig,mean,std
Overall,1.00,-0.02966069974191983,0.059446658127225854
