,pval_sig,mean,std
Overall,1.00,-0.02979722274050995,0.047708038371124424
