,pval_sig,mean,std
Overall,1.00,0.026581194621900523,0.07083348207156741
