,pval_sig,mean,std
Overall,1.00,0.027807798205295085,0.11780167925733742
