,pval_sig,mean,std
Overall,1.00,0.003213417709119649,0.11618482328948265
