,pval_sig,mean,std
Overall,1.00,-0.061209971163960486,0.12606627639055462
