,pval_sig,mean,std
Overall,1.00,-0.006345503518812087,0.11225435662204326
