,pval_sig,mean,std
Overall,1.00,-0.021827289254358017,0.12064177895498408
