,pval_sig,mean,std
Overall,1.00,-0.004710006278687829,0.11949156859893843
