,pval_sig,mean,std
Overall,1.00,-0.007331141028877949,0.1045475483832768
