,pval_sig,mean,std
Overall,1.00,-0.08753381301224121,0.13443941798440173
