,pval_sig,mean,std
Overall,1.00,-0.1267725709542232,0.10952277467113156
