,pval_sig,mean,std
Overall,1.00,-0.06804863332486887,0.12241809064283429
