,pval_sig,mean,std
Overall,1.00,-0.002798262247987941,0.10666430269871528
