,pval_sig,mean,std
Overall,1.00,-0.1514445261863603,0.16569108628042903
