,pval_sig,mean,std
Overall,1.00,-0.10879854763675013,0.1473725185169559
