,pval_sig,mean,std
Overall,1.00,-0.01483236783743489,0.1014726718701381
