,pval_sig,mean,std
Overall,1.00,-0.0981487650738458,0.10835640888862653
