,pval_sig,mean,std
Overall,1.00,0.003190455014988752,0.10413737158919568
