,pval_sig,mean,std
Overall,1.00,-0.005005608143408093,0.15800686552937296
