,pval_sig,mean,std
Overall,1.00,0.024743634860674588,0.10820669612606511
