{"0/precision": 0.9273743016759777, "0/recall": 0.9273743016759777, "0/f1-score": 0.9273743016759777, "0/support": 179, "1/precision": 0.9269662921348315, "1/recall": 0.9269662921348315, "1/f1-score": 0.9269662921348315, "1/support": 178, "micro avg/precision": 0.927170868347339, "micro avg/recall": 0.927170868347339, "micro avg/f1-score": 0.927170868347339, "micro avg/support": 357, "macro avg/precision": 0.9271702969054045, "macro avg/recall": 0.9271702969054045, "macro avg/f1-score": 0.9271702969054045, "macro avg/support": 357, "weighted avg/precision": 0.927170868347339, "weighted avg/recall": 0.927170868347339, "weighted avg/f1-score": 0.927170868347339, "weighted avg/support": 357, "accuracy": 0.927170868347339, "roc_auc": 0.9634674533927563, "pr_auc": 0.9655887985602177}