{"0/precision": 0.9289617486338798, "0/recall": 0.9497206703910615, "0/f1-score": 0.9392265193370165, "0/support": 179, "1/precision": 0.9482758620689655, "1/recall": 0.9269662921348315, "1/f1-score": 0.9375000000000001, "1/support": 178, "micro avg/precision": 0.938375350140056, "micro avg/recall": 0.938375350140056, "micro avg/f1-score": 0.938375350140056, "micro avg/support": 357, "macro avg/precision": 0.9386188053514226, "macro avg/recall": 0.9383434812629465, "macro avg/f1-score": 0.9383632596685083, "macro avg/support": 357, "weighted avg/precision": 0.9385917547723819, "weighted avg/recall": 0.938375350140056, "weighted avg/f1-score": 0.9383656777628179, "weighted avg/support": 357, "accuracy": 0.938375350140056, "roc_auc": 0.9744209403050655, "pr_auc": 0.9747898362007372}