{"0/precision": 0.8814432989690721, "0/recall": 0.9553072625698324, "0/f1-score": 0.9168900804289545, "0/support": 179, "1/precision": 0.950920245398773, "1/recall": 0.8707865168539326, "1/f1-score": 0.909090909090909, "1/support": 178, "micro avg/precision": 0.9131652661064426, "micro avg/recall": 0.9131652661064426, "micro avg/f1-score": 0.9131652661064426, "micro avg/support": 357, "macro avg/precision": 0.9161817721839225, "macro avg/recall": 0.9130468897118825, "macro avg/f1-score": 0.9129904947599317, "macro avg/support": 357, "weighted avg/precision": 0.9160844655362619, "weighted avg/recall": 0.9131652661064426, "weighted avg/f1-score": 0.9130014179690886, "weighted avg/support": 357, "accuracy": 0.9131652661064426, "roc_auc": 0.968646036030381, "pr_auc": 0.9711041322696082}