{"0/precision": 0.883248730964467, "0/recall": 0.9720670391061452, "0/f1-score": 0.925531914893617, "0/support": 179, "1/precision": 0.96875, "1/recall": 0.8707865168539326, "1/f1-score": 0.9171597633136095, "1/support": 178, "micro avg/precision": 0.9215686274509803, "micro avg/recall": 0.9215686274509803, "micro avg/f1-score": 0.9215686274509803, "micro avg/support": 357, "macro avg/precision": 0.9259993654822335, "macro avg/recall": 0.9214267779800389, "macro avg/f1-score": 0.9213458391036132, "macro avg/support": 357, "weighted avg/precision": 0.9258796158057132, "weighted avg/recall": 0.9215686274509803, "weighted avg/f1-score": 0.9213575648061062, "weighted avg/support": 357, "accuracy": 0.9215686274509803, "roc_auc": 0.9778733287301488, "pr_auc": 0.976521643435463}