{"0/precision": 0.8775510204081632, "0/recall": 0.9608938547486033, "0/f1-score": 0.9173333333333333, "0/support": 179, "1/precision": 0.9565217391304348, "1/recall": 0.8651685393258427, "1/f1-score": 0.9085545722713865, "1/support": 178, "micro avg/precision": 0.9131652661064426, "micro avg/recall": 0.9131652661064426, "micro avg/f1-score": 0.9131652661064426, "micro avg/support": 357, "macro avg/precision": 0.9170363797692991, "macro avg/recall": 0.913031197037223, "macro avg/f1-score": 0.91294395280236, "macro avg/support": 357, "weighted avg/precision": 0.9169257765217887, "weighted avg/recall": 0.9131652661064426, "weighted avg/f1-score": 0.9129562479859201, "weighted avg/support": 357, "accuracy": 0.9131652661064426, "roc_auc": 0.9671866172870505, "pr_auc": 0.9574176364965503}