{"0/precision": 0.9148936170212766, "0/recall": 0.9608938547486033, "0/f1-score": 0.9373297002724796, "0/support": 179, "1/precision": 0.9585798816568047, "1/recall": 0.9101123595505618, "1/f1-score": 0.9337175792507205, "1/support": 178, "micro avg/precision": 0.9355742296918768, "micro avg/recall": 0.9355742296918768, "micro avg/f1-score": 0.9355742296918768, "micro avg/support": 357, "macro avg/precision": 0.9367367493390406, "macro avg/recall": 0.9355031071495825, "macro avg/f1-score": 0.9355236397616, "macro avg/support": 357, "weighted avg/precision": 0.9366755640944531, "weighted avg/recall": 0.9355742296918768, "weighted avg/f1-score": 0.9355286987546276, "weighted avg/support": 357, "accuracy": 0.9355742296918768, "roc_auc": 0.9819220387922918, "pr_auc": 0.9791068432396003}