{"0/precision": 0.9655537890832009, "0/recall": 0.9589473684210527, "0/f1-score": 0.9622392395035649, "0/support": 1900, "1/precision": 0.9591836734693877, "1/recall": 0.9657534246575342, "1/f1-score": 0.962457337883959, "1/support": 1898, "micro avg/precision": 0.9623486045286993, "micro avg/recall": 0.9623486045286993, "micro avg/f1-score": 0.9623486045286993, "micro avg/support": 3798, "macro avg/precision": 0.9623687312762943, "macro avg/recall": 0.9623503965392934, "macro avg/f1-score": 0.962348288693762, "macro avg/support": 3798, "weighted avg/precision": 0.9623704085052606, "weighted avg/recall": 0.9623486045286993, "weighted avg/f1-score": 0.9623482312692279, "weighted avg/support": 3798, "accuracy": 0.9623486045286993, "roc_auc": 0.9904838888580778, "pr_auc": 0.9895777086305648}