{"0/precision": 0.96661281637049, "0/recall": 0.9447368421052632, "0/f1-score": 0.9555496406707479, "0/support": 1900, "1/precision": 0.9459041731066461, "1/recall": 0.9673340358271865, "1/f1-score": 0.9564990883042459, "1/support": 1898, "micro avg/precision": 0.9560294892048447, "micro avg/recall": 0.9560294892048447, "micro avg/f1-score": 0.9560294892048447, "micro avg/support": 3798, "macro avg/precision": 0.956258494738568, "macro avg/recall": 0.9560354389662249, "macro avg/f1-score": 0.9560243644874968, "macro avg/support": 3798, "weighted avg/precision": 0.9562639472512758, "weighted avg/recall": 0.9560294892048447, "weighted avg/f1-score": 0.9560241145012848, "weighted avg/support": 3798, "accuracy": 0.9560294892048447, "roc_auc": 0.9897242249459265, "pr_auc": 0.9886168952545983}