{"0/precision": 0.9585767392458843, "0/recall": 0.95, "0/f1-score": 0.9542690985989956, "0/support": 1900, "1/precision": 0.9503916449086162, "1/recall": 0.958904109589041, "1/f1-score": 0.9546289011277209, "1/support": 1898, "micro avg/precision": 0.954449710373881, "micro avg/recall": 0.954449710373881, "micro avg/f1-score": 0.954449710373881, "micro avg/support": 3798, "macro avg/precision": 0.9544841920772502, "macro avg/recall": 0.9544520547945206, "macro avg/f1-score": 0.9544489998633583, "macro avg/support": 3798, "weighted avg/precision": 0.9544863471837107, "weighted avg/recall": 0.954449710373881, "weighted avg/f1-score": 0.9544489051286219, "weighted avg/support": 3798, "accuracy": 0.954449710373881, "roc_auc": 0.9878667295213799, "pr_auc": 0.9858905220909269}