{"0/precision": 0.9627659574468085, "0/recall": 0.9526315789473684, "0/f1-score": 0.9576719576719577, "0/support": 1900, "1/precision": 0.9530761209593326, "1/recall": 0.9631190727081138, "1/f1-score": 0.9580712788259957, "1/support": 1898, "micro avg/precision": 0.9578725645076356, "micro avg/recall": 0.9578725645076356, "micro avg/f1-score": 0.9578725645076356, "micro avg/support": 3798, "macro avg/precision": 0.9579210392030706, "macro avg/recall": 0.957875325827741, "macro avg/f1-score": 0.9578716182489767, "macro avg/support": 3798, "weighted avg/precision": 0.9579235905028303, "weighted avg/recall": 0.9578725645076356, "weighted avg/f1-score": 0.9578715131091257, "weighted avg/support": 3798, "accuracy": 0.9578725645076356, "roc_auc": 0.9897695635294769, "pr_auc": 0.9891071980237902}