{"0/precision": 0.9642666666666667, "0/recall": 0.9515789473684211, "0/f1-score": 0.9578807947019868, "0/support": 1900, "1/precision": 0.9521580863234529, "1/recall": 0.9646996838777661, "1/f1-score": 0.9583878565820464, "1/support": 1898, "micro avg/precision": 0.9581358609794629, "micro avg/recall": 0.9581358609794629, "micro avg/f1-score": 0.9581358609794629, "micro avg/support": 3798, "macro avg/precision": 0.9582123764950599, "macro avg/recall": 0.9581393156230935, "macro avg/f1-score": 0.9581343256420166, "macro avg/support": 3798, "weighted avg/precision": 0.9582155646415431, "weighted avg/recall": 0.9581358609794629, "weighted avg/f1-score": 0.9581341921344126, "weighted avg/support": 3798, "accuracy": 0.9581358609794629, "roc_auc": 0.9898462370362154, "pr_auc": 0.9885078223310775}