{"0/precision": 0.9714900484131254, "0/recall": 0.9505263157894737, "0/f1-score": 0.9608938547486034, "0/support": 1900, "1/precision": 0.9515214027849407, "1/recall": 0.9720758693361433, "1/f1-score": 0.9616888193901486, "1/support": 1898, "micro avg/precision": 0.9612954186413902, "micro avg/recall": 0.9612954186413902, "micro avg/f1-score": 0.9612954186413902, "micro avg/support": 3798, "macro avg/precision": 0.961505725599033, "macro avg/recall": 0.9613010925628085, "macro avg/f1-score": 0.9612913370693761, "macro avg/support": 3798, "weighted avg/precision": 0.961510983272974, "weighted avg/recall": 0.9612954186413902, "weighted avg/f1-score": 0.9612911277579907, "weighted avg/support": 3798, "accuracy": 0.9612954186413902, "roc_auc": 0.9909666685153347, "pr_auc": 0.9899955054761668}