{"0/precision": 0.9670212765957447, "0/recall": 0.9568421052631579, "0/f1-score": 0.9619047619047618, "0/support": 1900, "1/precision": 0.9572471324296142, "1/recall": 0.9673340358271865, "1/f1-score": 0.9622641509433961, "1/support": 1898, "micro avg/precision": 0.9620853080568721, "micro avg/recall": 0.9620853080568721, "micro avg/f1-score": 0.9620853080568721, "micro avg/support": 3798, "macro avg/precision": 0.9621342045126795, "macro avg/recall": 0.9620880705451722, "macro avg/f1-score": 0.9620844564240789, "macro avg/support": 3798, "weighted avg/precision": 0.9621367780103536, "weighted avg/recall": 0.9620853080568721, "weighted avg/f1-score": 0.9620843617982131, "weighted avg/support": 3798, "accuracy": 0.9620853080568721, "roc_auc": 0.9894975320281737, "pr_auc": 0.9878087283547559}