{"0/precision": 0.9660743134087237, "0/recall": 0.9442105263157895, "0/f1-score": 0.9550173010380623, "0/support": 1900, "1/precision": 0.9453889747552808, "1/recall": 0.9668071654373024, "1/f1-score": 0.9559781193019016, "1/support": 1898, "micro avg/precision": 0.9555028962611901, "micro avg/recall": 0.9555028962611901, "micro avg/f1-score": 0.9555028962611901, "micro avg/support": 3798, "macro avg/precision": 0.9557316440820023, "macro avg/recall": 0.9555088458765459, "macro avg/f1-score": 0.955497710169982, "macro avg/support": 3798, "weighted avg/precision": 0.9557370904586883, "weighted avg/recall": 0.9555028962611901, "weighted avg/f1-score": 0.9554974571899231, "weighted avg/support": 3798, "accuracy": 0.9555028962611901, "roc_auc": 0.9874116798846431, "pr_auc": 0.9843804736534681}