{"0/precision": 0.8329979879275654, "0/recall": 0.9, "0/f1-score": 0.865203761755486, "0/support": 460, "1/precision": 0.9398692810457516, "1/recall": 0.8965087281795511, "1/f1-score": 0.9176770899808551, "1/support": 802, "micro avg/precision": 0.8977812995245642, "micro avg/recall": 0.8977812995245642, "micro avg/f1-score": 0.8977812995245642, "micro avg/support": 1262, "macro avg/precision": 0.8864336344866586, "macro avg/recall": 0.8982543640897755, "macro avg/f1-score": 0.8914404258681705, "macro avg/support": 1262, "weighted avg/precision": 0.9009146100201054, "weighted avg/recall": 0.8977812995245642, "weighted avg/f1-score": 0.8985505202632086, "weighted avg/support": 1262, "accuracy": 0.8977812995245642, "roc_auc": 0.9568144855253171, "pr_auc": 0.9717195800857253}