{"0/precision": 0.8851351351351351, "0/recall": 0.8543478260869565, "0/f1-score": 0.8694690265486726, "0/support": 460, "1/precision": 0.9180929095354523, "1/recall": 0.9364089775561097, "1/f1-score": 0.9271604938271605, "1/support": 802, "micro avg/precision": 0.9064976228209192, "micro avg/recall": 0.9064976228209192, "micro avg/f1-score": 0.9064976228209192, "micro avg/support": 1262, "macro avg/precision": 0.9016140223352938, "macro avg/recall": 0.8953784018215332, "macro avg/f1-score": 0.8983147601879166, "macro avg/support": 1262, "weighted avg/precision": 0.9060797746510261, "weighted avg/recall": 0.9064976228209192, "weighted avg/f1-score": 0.9061319082898353, "weighted avg/support": 1262, "accuracy": 0.9064976228209192, "roc_auc": 0.9627209151035454, "pr_auc": 0.9777644475524241}