{"0/precision": 0.8784067085953878, "0/recall": 0.9108695652173913, "0/f1-score": 0.8943436499466381, "0/support": 460, "1/precision": 0.9477707006369427, "1/recall": 0.9276807980049875, "1/f1-score": 0.9376181474480151, "1/support": 802, "micro avg/precision": 0.9215530903328051, "micro avg/recall": 0.9215530903328051, "micro avg/f1-score": 0.9215530903328051, "micro avg/support": 1262, "macro avg/precision": 0.9130887046161653, "macro avg/recall": 0.9192751816111894, "macro avg/f1-score": 0.9159808986973266, "macro avg/support": 1262, "weighted avg/precision": 0.9224874705742523, "weighted avg/recall": 0.9215530903328051, "weighted avg/f1-score": 0.921844558818353, "weighted avg/support": 1262, "accuracy": 0.9215530903328051, "roc_auc": 0.9694838989482814, "pr_auc": 0.9811478759921106}