{"0/precision": 0.8260038240917782, "0/recall": 0.9391304347826087, "0/f1-score": 0.8789420142421159, "0/support": 460, "1/precision": 0.9621109607577808, "1/recall": 0.8865336658354115, "1/f1-score": 0.9227774172615185, "1/support": 802, "micro avg/precision": 0.9057052297939778, "micro avg/recall": 0.9057052297939778, "micro avg/f1-score": 0.9057052297939778, "micro avg/support": 1262, "macro avg/precision": 0.8940573924247794, "macro avg/recall": 0.9128320503090102, "macro avg/f1-score": 0.9008597157518172, "macro avg/support": 1262, "weighted avg/precision": 0.9124998015926769, "weighted avg/recall": 0.9057052297939778, "weighted avg/f1-score": 0.9067993781260786, "weighted avg/support": 1262, "accuracy": 0.9057052297939778, "roc_auc": 0.9737314322888431, "pr_auc": 0.9845566314651587}