{"0/precision": 0.7414383561643836, "0/recall": 0.941304347826087, "0/f1-score": 0.8295019157088123, "0/support": 460, "1/precision": 0.9601769911504425, "1/recall": 0.8117206982543641, "1/f1-score": 0.8797297297297297, "1/support": 802, "micro avg/precision": 0.8589540412044374, "micro avg/recall": 0.8589540412044374, "micro avg/f1-score": 0.8589540412044375, "micro avg/support": 1262, "macro avg/precision": 0.850807673657413, "macro avg/recall": 0.8765125230402255, "macro avg/f1-score": 0.8546158227192711, "macro avg/support": 1262, "weighted avg/precision": 0.8804465853710549, "weighted avg/recall": 0.8589540412044374, "weighted avg/f1-score": 0.8614216517189358, "weighted avg/support": 1262, "accuracy": 0.8589540412044374, "roc_auc": 0.9553697278542774, "pr_auc": 0.9712225692335116}