{"0/precision": 0.8469184890656064, "0/recall": 0.9260869565217391, "0/f1-score": 0.8847352024922118, "0/support": 460, "1/precision": 0.9552042160737813, "1/recall": 0.9039900249376559, "1/f1-score": 0.9288917360666241, "1/support": 802, "micro avg/precision": 0.9120443740095087, "micro avg/recall": 0.9120443740095087, "micro avg/f1-score": 0.9120443740095087, "micro avg/support": 1262, "macro avg/precision": 0.9010613525696938, "macro avg/recall": 0.9150384907296976, "macro avg/f1-score": 0.906813469279418, "macro avg/support": 1262, "weighted avg/precision": 0.9157339827744464, "weighted avg/recall": 0.9120443740095087, "weighted avg/f1-score": 0.9127966445894214, "weighted avg/support": 1262, "accuracy": 0.9120443740095087, "roc_auc": 0.972012902526293, "pr_auc": 0.9834478122448548}