{"0/precision": 0.8333333333333334, "0/recall": 0.8913043478260869, "0/f1-score": 0.861344537815126, "0/support": 460, "1/precision": 0.935064935064935, "1/recall": 0.8977556109725686, "1/f1-score": 0.9160305343511451, "1/support": 802, "micro avg/precision": 0.8954041204437401, "micro avg/recall": 0.8954041204437401, "micro avg/f1-score": 0.8954041204437401, "micro avg/support": 1262, "macro avg/precision": 0.8841991341991342, "macro avg/recall": 0.8945299793993278, "macro avg/f1-score": 0.8886875360831356, "macro avg/support": 1262, "weighted avg/precision": 0.8979836856223544, "weighted avg/recall": 0.8954041204437401, "weighted avg/f1-score": 0.8960974452809638, "weighted avg/support": 1262, "accuracy": 0.8954041204437401, "roc_auc": 0.9603464165672775, "pr_auc": 0.9766522655552967}