{"0/precision": 0.7883895131086143, "0/recall": 0.9152173913043479, "0/f1-score": 0.847082494969819, "0/support": 460, "1/precision": 0.9464285714285714, "1/recall": 0.8591022443890274, "1/f1-score": 0.9006535947712417, "1/support": 802, "micro avg/precision": 0.8795562599049128, "micro avg/recall": 0.8795562599049128, "micro avg/f1-score": 0.8795562599049128, "micro avg/support": 1262, "macro avg/precision": 0.8674090422685928, "macro avg/recall": 0.8871598178466876, "macro avg/f1-score": 0.8738680448705304, "macro avg/support": 1262, "weighted avg/precision": 0.8888232094418992, "weighted avg/recall": 0.8795562599049128, "weighted avg/f1-score": 0.8811268864442572, "weighted avg/support": 1262, "accuracy": 0.8795562599049128, "roc_auc": 0.9560853301528787, "pr_auc": 0.9731096151843859}