{"0/precision": 0.8977272727272727, "0/recall": 0.7314814814814815, "0/f1-score": 0.8061224489795918, "0/support": 1296, "1/precision": 0.3774597495527728, "1/recall": 0.6614420062695925, "1/f1-score": 0.4806378132118451, "1/support": 319, "micro avg/precision": 0.7176470588235294, "micro avg/recall": 0.7176470588235294, "micro avg/f1-score": 0.7176470588235294, "micro avg/support": 1615, "macro avg/precision": 0.6375935111400227, "macro avg/recall": 0.6964617438755369, "macro avg/f1-score": 0.6433801310957185, "macro avg/support": 1615, "weighted avg/precision": 0.794962356385065, "weighted avg/recall": 0.7176470588235294, "weighted avg/f1-score": 0.7418316757226809, "weighted avg/support": 1615, "accuracy": 0.7176470588235294, "roc_auc": 0.7504886025000969, "pr_auc": 0.42866162043741796}