{"0/precision": 0.9791485664639444, "0/recall": 0.8695987654320988, "0/f1-score": 0.9211279117286474, "0/support": 1296, "1/precision": 0.6357758620689655, "1/recall": 0.9247648902821317, "1/f1-score": 0.7535121328224778, "1/support": 319, "micro avg/precision": 0.8804953560371517, "micro avg/recall": 0.8804953560371517, "micro avg/f1-score": 0.8804953560371517, "micro avg/support": 1615, "macro avg/precision": 0.8074622142664549, "macro avg/recall": 0.8971818278571153, "macro avg/f1-score": 0.8373200222755626, "macro avg/support": 1615, "weighted avg/precision": 0.9113244842955245, "weighted avg/recall": 0.8804953560371517, "weighted avg/f1-score": 0.8880199033874288, "weighted avg/support": 1615, "accuracy": 0.8804953560371517, "roc_auc": 0.9376959247648903, "pr_auc": 0.8083920272213267}