{"0/precision": 0.9712488769092543, "0/recall": 0.8341049382716049, "0/f1-score": 0.8974678289746784, "0/support": 1296, "1/precision": 0.5717131474103586, "1/recall": 0.8996865203761756, "1/f1-score": 0.6991473812423873, "1/support": 319, "micro avg/precision": 0.8470588235294118, "micro avg/recall": 0.8470588235294118, "micro avg/f1-score": 0.8470588235294118, "micro avg/support": 1615, "macro avg/precision": 0.7714810121598065, "macro avg/recall": 0.8668957293238903, "macro avg/f1-score": 0.7983076051085328, "macro avg/support": 1615, "weighted avg/precision": 0.8923312931878006, "weighted avg/recall": 0.8470588235294118, "weighted avg/f1-score": 0.8582949355835944, "weighted avg/support": 1615, "accuracy": 0.8470588235294118, "roc_auc": 0.9275102558148534, "pr_auc": 0.7524152838331605}