{"0.0/precision": 0.9604810996563574, "0.0/recall": 0.8626543209876543, "0.0/f1-score": 0.9089430894308943, "0.0/support": 1296, "1.0/precision": 0.6053215077605322, "1.0/recall": 0.8557993730407524, "1.0/f1-score": 0.7090909090909091, "1.0/support": 319, "micro avg/precision": 0.8613003095975232, "micro avg/recall": 0.8613003095975232, "micro avg/f1-score": 0.8613003095975232, "micro avg/support": 1615, "macro avg/precision": 0.7829013037084448, "macro avg/recall": 0.8592268470142033, "macro avg/f1-score": 0.8090169992609018, "macro avg/support": 1615, "weighted avg/precision": 0.890328833517182, "weighted avg/recall": 0.8613003095975232, "weighted avg/f1-score": 0.869467643283244, "weighted avg/support": 1615, "accuracy": 0.8613003095975232, "roc_auc": 0.9138511552304656, "pr_auc": 0.7007462353767253}