{"0/precision": 0.9413223140495868, "0/recall": 0.878858024691358, "0/f1-score": 0.9090183559457302, "0/support": 1296, "1/precision": 0.6123456790123457, "1/recall": 0.7774294670846394, "1/f1-score": 0.6850828729281768, "1/support": 319, "micro avg/precision": 0.8588235294117647, "micro avg/recall": 0.8588235294117647, "micro avg/f1-score": 0.8588235294117647, "micro avg/support": 1615, "macro avg/precision": 0.7768339965309663, "macro avg/recall": 0.8281437458879988, "macro avg/f1-score": 0.7970506144369536, "macro avg/support": 1615, "weighted avg/precision": 0.8763417898533763, "weighted avg/recall": 0.8588235294117647, "weighted avg/f1-score": 0.8647858983094456, "weighted avg/support": 1615, "accuracy": 0.8588235294117647, "roc_auc": 0.9013966291265143, "pr_auc": 0.6758361919841402}