{"0/precision": 0.9609120521172638, "0/recall": 0.9104938271604939, "0/f1-score": 0.9350237717908082, "0/support": 1296, "1/precision": 0.7002583979328165, "1/recall": 0.8495297805642633, "1/f1-score": 0.7677053824362607, "1/support": 319, "micro avg/precision": 0.8984520123839009, "micro avg/recall": 0.8984520123839009, "micro avg/f1-score": 0.8984520123839009, "micro avg/support": 1615, "macro avg/precision": 0.8305852250250402, "macro avg/recall": 0.8800118038623785, "macro avg/f1-score": 0.8513645771135345, "macro avg/support": 1615, "weighted avg/precision": 0.909426903086404, "weighted avg/recall": 0.8984520123839009, "weighted avg/f1-score": 0.901974504791365, "weighted avg/support": 1615, "accuracy": 0.8984520123839009, "roc_auc": 0.9310635086497153, "pr_auc": 0.7804146627954807}