{"0.0/precision": 0.9673617407071623, "0.0/recall": 0.8233024691358025, "0.0/f1-score": 0.8895373072113382, "0.0/support": 1296, "1.0/precision": 0.552734375, "1.0/recall": 0.8871473354231975, "1.0/f1-score": 0.6811070998796631, "1.0/support": 319, "micro avg/precision": 0.8359133126934984, "micro avg/recall": 0.8359133126934984, "micro avg/f1-score": 0.8359133126934984, "micro avg/support": 1615, "macro avg/precision": 0.7600480578535811, "macro avg/recall": 0.8552249022795, "macro avg/f1-score": 0.7853222035455006, "macro avg/support": 1615, "weighted avg/precision": 0.8854632084095866, "weighted avg/recall": 0.8359133126934984, "weighted avg/f1-score": 0.8483675015526357, "weighted avg/support": 1615, "accuracy": 0.8359133126934984, "roc_auc": 0.9275150934633692, "pr_auc": 0.7573748745960949}