{"0/precision": 0.978161965423112, "0/recall": 0.8294753086419753, "0/f1-score": 0.8977035490605427, "0/support": 1296, "1/precision": 0.5717054263565892, "1/recall": 0.9247648902821317, "1/f1-score": 0.7065868263473053, "1/support": 319, "micro avg/precision": 0.848297213622291, "micro avg/recall": 0.848297213622291, "micro avg/f1-score": 0.848297213622291, "micro avg/support": 1615, "macro avg/precision": 0.7749336958898505, "macro avg/recall": 0.8771200994620535, "macro avg/f1-score": 0.8021451877039241, "macro avg/support": 1615, "weighted avg/precision": 0.8978773611121393, "weighted avg/recall": 0.848297213622291, "weighted avg/f1-score": 0.8599535586298784, "weighted avg/support": 1615, "accuracy": 0.848297213622291, "roc_auc": 0.934783660358373, "pr_auc": 0.7908076822688775}