{"0/precision": 0.9687763713080169, "0/recall": 0.8858024691358025, "0/f1-score": 0.9254332930270053, "0/support": 1296, "1/precision": 0.6558139534883721, "1/recall": 0.8840125391849529, "1/f1-score": 0.753004005340454, "1/support": 319, "micro avg/precision": 0.8854489164086687, "micro avg/recall": 0.8854489164086687, "micro avg/f1-score": 0.8854489164086686, "micro avg/support": 1615, "macro avg/precision": 0.8122951623981944, "macro avg/recall": 0.8849075041603778, "macro avg/f1-score": 0.8392186491837297, "macro avg/support": 1615, "weighted avg/precision": 0.9069590268594306, "weighted avg/recall": 0.8854489164086687, "weighted avg/f1-score": 0.8913745049328815, "weighted avg/support": 1615, "accuracy": 0.8854489164086687, "roc_auc": 0.9309909439219785, "pr_auc": 0.778064510362512}