{"0.0/precision": 0.9576612903225806, "0.0/recall": 0.8161512027491409, "0.0/f1-score": 0.8812615955473098, "0.0/support": 582, "1.0/precision": 0.20149253731343283, "1.0/recall": 0.5625, "1.0/f1-score": 0.2967032967032967, "1.0/support": 48, "micro avg/precision": 0.7968253968253968, "micro avg/recall": 0.7968253968253968, "micro avg/f1-score": 0.7968253968253968, "micro avg/support": 630, "macro avg/precision": 0.5795769138180067, "macro avg/recall": 0.6893256013745704, "macro avg/f1-score": 0.5889824461253033, "macro avg/support": 630, "weighted avg/precision": 0.9000484329504551, "weighted avg/recall": 0.7968253968253968, "weighted avg/f1-score": 0.8367238203972898, "weighted avg/support": 630, "accuracy": 0.7968253968253968, "roc_auc": 0.743127147766323, "pr_auc": 0.3480725989705113}