{"0.0/precision": 0.9652777777777778, "0.0/recall": 0.7164948453608248, "0.0/f1-score": 0.8224852071005917, "0.0/support": 582, "1.0/precision": 0.16666666666666666, "1.0/recall": 0.6875, "1.0/f1-score": 0.2682926829268293, "1.0/support": 48, "micro avg/precision": 0.7142857142857143, "micro avg/recall": 0.7142857142857143, "micro avg/f1-score": 0.7142857142857143, "micro avg/support": 630, "macro avg/precision": 0.5659722222222222, "macro avg/recall": 0.7019974226804124, "macro avg/f1-score": 0.5453889450137105, "macro avg/support": 630, "weighted avg/precision": 0.9044312169312169, "weighted avg/recall": 0.7142857142857143, "weighted avg/f1-score": 0.7802610147825907, "weighted avg/support": 630, "accuracy": 0.7142857142857143, "roc_auc": 0.7773303264604812, "pr_auc": 0.3843547814029629}