{"0.0/precision": 0.9689265536723164, "0.0/recall": 0.5893470790378007, "0.0/f1-score": 0.732905982905983, "0.0/support": 582, "1.0/precision": 0.13405797101449277, "1.0/recall": 0.7708333333333334, "1.0/f1-score": 0.22839506172839508, "1.0/support": 48, "micro avg/precision": 0.6031746031746031, "micro avg/recall": 0.6031746031746031, "micro avg/f1-score": 0.6031746031746031, "micro avg/support": 630, "macro avg/precision": 0.5514922623434045, "macro avg/recall": 0.680090206185567, "macro avg/f1-score": 0.480650522317189, "macro avg/support": 630, "weighted avg/precision": 0.9053175188031489, "weighted avg/recall": 0.6031746031746031, "weighted avg/f1-score": 0.6944670555781668, "weighted avg/support": 630, "accuracy": 0.6031746031746031, "roc_auc": 0.7746814146620848, "pr_auc": 0.26055841952255}