{"0.0/precision": 0.9577167019027484, "0.0/recall": 0.7783505154639175, "0.0/f1-score": 0.8587677725118483, "0.0/support": 582, "1.0/precision": 0.17834394904458598, "1.0/recall": 0.5833333333333334, "1.0/f1-score": 0.2731707317073171, "1.0/support": 48, "micro avg/precision": 0.7634920634920634, "micro avg/recall": 0.7634920634920634, "micro avg/f1-score": 0.7634920634920633, "micro avg/support": 630, "macro avg/precision": 0.5680303254736672, "macro avg/recall": 0.6808419243986255, "macro avg/f1-score": 0.5659692521095827, "macro avg/support": 630, "weighted avg/precision": 0.8983359207326027, "weighted avg/recall": 0.7634920634920634, "weighted avg/f1-score": 0.8141508551172173, "weighted avg/support": 630, "accuracy": 0.7634920634920634, "roc_auc": 0.741247852233677, "pr_auc": 0.3845778336366189}