{"0.0/precision": 0.9563492063492064, "0.0/recall": 0.8281786941580757, "0.0/f1-score": 0.8876611418047882, "0.0/support": 582, "1.0/precision": 0.20634920634920634, "1.0/recall": 0.5416666666666666, "1.0/f1-score": 0.29885057471264365, "1.0/support": 48, "micro avg/precision": 0.8063492063492064, "micro avg/recall": 0.8063492063492064, "micro avg/f1-score": 0.8063492063492063, "micro avg/support": 630, "macro avg/precision": 0.5813492063492064, "macro avg/recall": 0.6849226804123711, "macro avg/f1-score": 0.593255858258716, "macro avg/support": 630, "weighted avg/precision": 0.8992063492063492, "weighted avg/recall": 0.8063492063492065, "weighted avg/f1-score": 0.8427993843120534, "weighted avg/support": 630, "accuracy": 0.8063492063492064, "roc_auc": 0.7471184135166093, "pr_auc": 0.2369964948819794}