{"0.0/precision": 0.9614678899082569, "0.0/recall": 0.9003436426116839, "0.0/f1-score": 0.929902395740905, "0.0/support": 582, "1.0/precision": 0.3176470588235294, "1.0/recall": 0.5625, "1.0/f1-score": 0.40601503759398494, "1.0/support": 48, "micro avg/precision": 0.8746031746031746, "micro avg/recall": 0.8746031746031746, "micro avg/f1-score": 0.8746031746031746, "micro avg/support": 630, "macro avg/precision": 0.6395574743658932, "macro avg/recall": 0.7314218213058419, "macro avg/f1-score": 0.667958716667445, "macro avg/support": 630, "weighted avg/precision": 0.9124148742065634, "weighted avg/recall": 0.8746031746031746, "weighted avg/f1-score": 0.8899871684535208, "weighted avg/support": 630, "accuracy": 0.8746031746031746, "roc_auc": 0.7702247995418098, "pr_auc": 0.3121684394781174}