{"0.0/precision": 0.9573560767590619, "0.0/recall": 0.7714776632302406, "0.0/f1-score": 0.8544243577545195, "0.0/support": 582, "1.0/precision": 0.17391304347826086, "1.0/recall": 0.5833333333333334, "1.0/f1-score": 0.2679425837320574, "1.0/support": 48, "micro avg/precision": 0.7571428571428571, "micro avg/recall": 0.7571428571428571, "micro avg/f1-score": 0.7571428571428571, "micro avg/support": 630, "macro avg/precision": 0.5656345601186614, "macro avg/recall": 0.677405498281787, "macro avg/f1-score": 0.5611834707432884, "macro avg/support": 630, "weighted avg/precision": 0.8976651789852865, "weighted avg/recall": 0.7571428571428571, "weighted avg/f1-score": 0.8097400321147129, "weighted avg/support": 630, "accuracy": 0.7571428571428571, "roc_auc": 0.731940864833906, "pr_auc": 0.2572947845005014}