{"0.0/precision": 0.9622266401590457, "0.0/recall": 0.8316151202749141, "0.0/f1-score": 0.8921658986175115, "0.0/support": 582, "1.0/precision": 0.2283464566929134, "1.0/recall": 0.6041666666666666, "1.0/f1-score": 0.3314285714285714, "1.0/support": 48, "micro avg/precision": 0.8142857142857143, "micro avg/recall": 0.8142857142857143, "micro avg/f1-score": 0.8142857142857143, "micro avg/support": 630, "macro avg/precision": 0.5952865484259795, "macro avg/recall": 0.7178908934707904, "macro avg/f1-score": 0.6117972350230414, "macro avg/support": 630, "weighted avg/precision": 0.9063119595140071, "weighted avg/recall": 0.8142857142857143, "weighted avg/f1-score": 0.8494430546412114, "weighted avg/support": 630, "accuracy": 0.8142857142857143, "roc_auc": 0.7737865120274914, "pr_auc": 0.2864401748297072}