{"0.0/precision": 0.9600760456273765, "0.0/recall": 0.8676975945017182, "0.0/f1-score": 0.9115523465703972, "0.0/support": 582, "1.0/precision": 0.25961538461538464, "1.0/recall": 0.5625, "1.0/f1-score": 0.3552631578947369, "1.0/support": 48, "micro avg/precision": 0.8444444444444444, "micro avg/recall": 0.8444444444444444, "micro avg/f1-score": 0.8444444444444444, "micro avg/support": 630, "macro avg/precision": 0.6098457151213805, "macro avg/recall": 0.7150987972508591, "macro avg/f1-score": 0.6334077522325671, "macro avg/support": 630, "weighted avg/precision": 0.9067076143121771, "weighted avg/recall": 0.8444444444444444, "weighted avg/f1-score": 0.8691684083855851, "weighted avg/support": 630, "accuracy": 0.8444444444444444, "roc_auc": 0.7745024341351662, "pr_auc": 0.2705556573120661}