{"0/precision": 0.8526580159062369, "0/recall": 0.9326923076923077, "0/f1-score": 0.8908812595670239, "0/support": 2184, "1/precision": 0.9252669039145908, "1/recall": 0.8379373848987108, "1/f1-score": 0.879439478134815, "1/support": 2172, "micro avg/precision": 0.88544536271809, "micro avg/recall": 0.88544536271809, "micro avg/f1-score": 0.88544536271809, "micro avg/support": 4356, "macro avg/precision": 0.8889624599104138, "macro avg/recall": 0.8853148462955093, "macro avg/f1-score": 0.8851603688509195, "macro avg/support": 4356, "weighted avg/precision": 0.8888624476679781, "weighted avg/recall": 0.88544536271809, "weighted avg/f1-score": 0.8851761288804404, "weighted avg/support": 4356, "accuracy": 0.88544536271809, "roc_auc": 0.9550472547710118, "pr_auc": 0.9517244411321879}