{"0/precision": 0.8817891373801917, "0/recall": 0.8846153846153846, "0/f1-score": 0.8832000000000001, "0/support": 2184, "1/precision": 0.8836027713625866, "1/recall": 0.8807550644567219, "1/f1-score": 0.8821766197832603, "1/support": 2172, "micro avg/precision": 0.8826905417814509, "micro avg/recall": 0.8826905417814509, "micro avg/f1-score": 0.8826905417814509, "micro avg/support": 4356, "macro avg/precision": 0.8826959543713891, "macro avg/recall": 0.8826852245360532, "macro avg/f1-score": 0.8826883098916303, "macro avg/support": 4356, "weighted avg/precision": 0.882693456252956, "weighted avg/recall": 0.8826905417814509, "weighted avg/f1-score": 0.8826897195062539, "weighted avg/support": 4356, "accuracy": 0.8826905417814509, "roc_auc": 0.9445003086232369, "pr_auc": 0.9374029562587237}