{"0/precision": 0.8852967227635076, "0/recall": 0.9152930402930403, "0/f1-score": 0.9000450247636201, "0/support": 2184, "1/precision": 0.9118207816968541, "1/recall": 0.8807550644567219, "1/f1-score": 0.8960187353629977, "1/support": 2172, "micro avg/precision": 0.8980716253443526, "micro avg/recall": 0.8980716253443526, "micro avg/f1-score": 0.8980716253443526, "micro avg/support": 4356, "macro avg/precision": 0.8985587522301808, "macro avg/recall": 0.898024052374881, "macro avg/f1-score": 0.8980318800633089, "macro avg/support": 4356, "weighted avg/precision": 0.8985222177137436, "weighted avg/recall": 0.8980716253443526, "weighted avg/f1-score": 0.8980374259164778, "weighted avg/support": 4356, "accuracy": 0.8980716253443526, "roc_auc": 0.9603859729895642, "pr_auc": 0.9560995803351364}