{"0/precision": 0.9087885985748219, "0/recall": 0.8759157509157509, "0/f1-score": 0.8920494287712754, "0/support": 2184, "1/precision": 0.8796090626388272, "1/recall": 0.9116022099447514, "1/f1-score": 0.8953199186072802, "1/support": 2172, "micro avg/precision": 0.8937098255280074, "micro avg/recall": 0.8937098255280074, "micro avg/f1-score": 0.8937098255280075, "micro avg/support": 4356, "macro avg/precision": 0.8941988306068245, "macro avg/recall": 0.8937589804302511, "macro avg/f1-score": 0.8936846736892778, "macro avg/support": 4356, "weighted avg/precision": 0.8942390228050835, "weighted avg/recall": 0.8937098255280074, "weighted avg/f1-score": 0.8936801688823411, "weighted avg/support": 4356, "accuracy": 0.8937098255280074, "roc_auc": 0.9586802182624005, "pr_auc": 0.954325920997992}