{"0/precision": 0.9153686396677051, "0/recall": 0.8072344322344323, "0/f1-score": 0.8579075425790754, "0/support": 2184, "1/precision": 0.8267489711934156, "1/recall": 0.9249539594843462, "1/f1-score": 0.8730986527596697, "1/support": 2172, "micro avg/precision": 0.8659320477502296, "micro avg/recall": 0.8659320477502296, "micro avg/f1-score": 0.8659320477502295, "micro avg/support": 4356, "macro avg/precision": 0.8710588054305604, "macro avg/recall": 0.8660941958593893, "macro avg/f1-score": 0.8655030976693725, "macro avg/support": 4356, "weighted avg/precision": 0.8711808710896158, "weighted avg/recall": 0.8659320477502296, "weighted avg/f1-score": 0.8654821732751844, "weighted avg/support": 4356, "accuracy": 0.8659320477502296, "roc_auc": 0.944936049217817, "pr_auc": 0.9419757893341292}