{"0/precision": 0.9355488418932527, "0/recall": 0.8507326007326007, "0/f1-score": 0.8911270983213428, "0/support": 2184, "1/precision": 0.8624472573839662, "1/recall": 0.9410681399631676, "1/f1-score": 0.9000440334654337, "1/support": 2172, "micro avg/precision": 0.8957759412304866, "micro avg/recall": 0.8957759412304866, "micro avg/f1-score": 0.8957759412304866, "micro avg/support": 4356, "macro avg/precision": 0.8989980496386094, "macro avg/recall": 0.8959003703478842, "macro avg/f1-score": 0.8955855658933882, "macro avg/support": 4356, "weighted avg/precision": 0.8990987405263633, "weighted avg/recall": 0.8957759412304866, "weighted avg/f1-score": 0.8955732836135755, "weighted avg/support": 4356, "accuracy": 0.8957759412304866, "roc_auc": 0.9639121621165819, "pr_auc": 0.9589325785334735}