{"0/precision": 0.8831509846827134, "0/recall": 0.923992673992674, "0/f1-score": 0.9031103155068247, "0/support": 2184, "1/precision": 0.9198454852728151, "1/recall": 0.8770718232044199, "1/f1-score": 0.8979495639877446, "1/support": 2172, "micro avg/precision": 0.9005968778696052, "micro avg/recall": 0.9005968778696052, "micro avg/f1-score": 0.9005968778696052, "micro avg/support": 4356, "macro avg/precision": 0.9014982349777643, "macro avg/recall": 0.900532248598547, "macro avg/f1-score": 0.9005299397472847, "macro avg/support": 4356, "weighted avg/precision": 0.9014476915885216, "weighted avg/recall": 0.9005968778696052, "weighted avg/f1-score": 0.9005370482204514, "weighted avg/support": 4356, "accuracy": 0.9005968778696052, "roc_auc": 0.9622383448350299, "pr_auc": 0.9547152184103911}