{"0.0/precision": 0.9544025157232704, "0.0/recall": 0.8442280945757997, "0.0/f1-score": 0.8959409594095941, "0.0/support": 719, "1.0/precision": 0.2911392405063291, "1.0/recall": 0.6133333333333333, "1.0/f1-score": 0.3948497854077253, "1.0/support": 75, "micro avg/precision": 0.8224181360201511, "micro avg/recall": 0.8224181360201511, "micro avg/f1-score": 0.8224181360201511, "micro avg/support": 794, "macro avg/precision": 0.6227708781147998, "macro avg/recall": 0.7287807139545666, "macro avg/f1-score": 0.6453953724086596, "macro avg/support": 794, "weighted avg/precision": 0.8917517025730555, "weighted avg/recall": 0.8224181360201511, "weighted avg/f1-score": 0.848608669673901, "weighted avg/support": 794, "accuracy": 0.8224181360201511, "roc_auc": 0.8236810384793695, "pr_auc": 0.34841708041374464}