{"0.0/precision": 0.9500756429652042, "0.0/recall": 0.8734353268428373, "0.0/f1-score": 0.9101449275362319, "0.0/support": 719, "1.0/precision": 0.3157894736842105, "1.0/recall": 0.56, "1.0/f1-score": 0.40384615384615385, "1.0/support": 75, "micro avg/precision": 0.8438287153652393, "micro avg/recall": 0.8438287153652393, "micro avg/f1-score": 0.8438287153652393, "micro avg/support": 794, "macro avg/precision": 0.6329325583247074, "macro avg/recall": 0.7167176634214187, "macro avg/f1-score": 0.6569955406911929, "macro avg/support": 794, "weighted avg/precision": 0.8901619619877803, "weighted avg/recall": 0.8438287153652393, "weighted avg/f1-score": 0.8623207360667661, "weighted avg/support": 794, "accuracy": 0.8438287153652393, "roc_auc": 0.7916365322206769, "pr_auc": 0.3229927866567499}