{"0.0/precision": 0.9590551181102362, "0.0/recall": 0.847009735744089, "0.0/f1-score": 0.8995568685376663, "0.0/support": 719, "1.0/precision": 0.3081761006289308, "1.0/recall": 0.6533333333333333, "1.0/f1-score": 0.4188034188034188, "1.0/support": 75, "micro avg/precision": 0.8287153652392947, "micro avg/recall": 0.8287153652392947, "micro avg/f1-score": 0.8287153652392946, "micro avg/support": 794, "macro avg/precision": 0.6336156093695835, "macro avg/recall": 0.7501715345387112, "macro avg/f1-score": 0.6591801436705426, "macro avg/support": 794, "weighted avg/precision": 0.8975741026050752, "weighted avg/recall": 0.8287153652392947, "weighted avg/f1-score": 0.8541456484746076, "weighted avg/support": 794, "accuracy": 0.8287153652392947, "roc_auc": 0.8094390356977282, "pr_auc": 0.3821599581485841}