{"0.0/precision": 0.9537480063795853, "0.0/recall": 0.8317107093184979, "0.0/f1-score": 0.888558692421991, "0.0/support": 719, "1.0/precision": 0.2754491017964072, "1.0/recall": 0.6133333333333333, "1.0/f1-score": 0.3801652892561984, "1.0/support": 75, "micro avg/precision": 0.8110831234256927, "micro avg/recall": 0.8110831234256927, "micro avg/f1-score": 0.8110831234256927, "micro avg/support": 794, "macro avg/precision": 0.6145985540879962, "macro avg/recall": 0.7225220213259156, "macro avg/f1-score": 0.6343619908390947, "macro avg/support": 794, "weighted avg/precision": 0.8896769511607713, "weighted avg/recall": 0.8110831234256927, "weighted avg/f1-score": 0.840536645523459, "weighted avg/support": 794, "accuracy": 0.8110831234256927, "roc_auc": 0.7957719054242003, "pr_auc": 0.41235211239162095}