{"0.0/precision": 0.9448476052249637, "0.0/recall": 0.9054242002781642, "0.0/f1-score": 0.9247159090909091, "0.0/support": 719, "1.0/precision": 0.3523809523809524, "1.0/recall": 0.49333333333333335, "1.0/f1-score": 0.4111111111111111, "1.0/support": 75, "micro avg/precision": 0.8664987405541562, "micro avg/recall": 0.8664987405541562, "micro avg/f1-score": 0.8664987405541562, "micro avg/support": 794, "macro avg/precision": 0.6486142788029581, "macro avg/recall": 0.6993787668057487, "macro avg/f1-score": 0.6679135101010101, "macro avg/support": 794, "weighted avg/precision": 0.8888841304601012, "weighted avg/recall": 0.8664987405541562, "weighted avg/f1-score": 0.8762016019769484, "weighted avg/support": 794, "accuracy": 0.8664987405541562, "roc_auc": 0.7806954102920722, "pr_auc": 0.3493605690742423}