{"0.0/precision": 0.9385964912280702, "0.0/recall": 0.8929068150208623, "0.0/f1-score": 0.9151817533856023, "0.0/support": 719, "1.0/precision": 0.3, "1.0/recall": 0.44, "1.0/f1-score": 0.3567567567567568, "1.0/support": 75, "micro avg/precision": 0.8501259445843828, "micro avg/recall": 0.8501259445843828, "micro avg/f1-score": 0.8501259445843828, "micro avg/support": 794, "macro avg/precision": 0.6192982456140351, "macro avg/recall": 0.6664534075104311, "macro avg/f1-score": 0.6359692550711795, "macro avg/support": 794, "weighted avg/precision": 0.8782756639710106, "weighted avg/recall": 0.8501259445843828, "weighted avg/f1-score": 0.8624338003035324, "weighted avg/support": 794, "accuracy": 0.8501259445843828, "roc_auc": 0.7707742234585072, "pr_auc": 0.34730016620470167}