{"0.0/precision": 0.9561688311688312, "0.0/recall": 0.8191933240611962, "0.0/f1-score": 0.8823970037453184, "0.0/support": 719, "1.0/precision": 0.2696629213483146, "1.0/recall": 0.64, "1.0/f1-score": 0.3794466403162055, "1.0/support": 75, "micro avg/precision": 0.8022670025188917, "micro avg/recall": 0.8022670025188917, "micro avg/f1-score": 0.8022670025188918, "micro avg/support": 794, "macro avg/precision": 0.6129158762585729, "macro avg/recall": 0.729596662030598, "macro avg/f1-score": 0.630921822030762, "macro avg/support": 794, "weighted avg/precision": 0.8913225550522837, "weighted avg/recall": 0.8022670025188917, "weighted avg/f1-score": 0.8348890978798479, "weighted avg/support": 794, "accuracy": 0.8022670025188917, "roc_auc": 0.7876309689383402, "pr_auc": 0.3560570352197401}