{"0.0/precision": 0.9633699633699634, "0.0/recall": 0.7315716272600834, "0.0/f1-score": 0.8316205533596839, "0.0/support": 719, "1.0/precision": 0.2217741935483871, "1.0/recall": 0.7333333333333333, "1.0/f1-score": 0.34055727554179566, "1.0/support": 75, "micro avg/precision": 0.7317380352644837, "micro avg/recall": 0.7317380352644837, "micro avg/f1-score": 0.7317380352644836, "micro avg/support": 794, "macro avg/precision": 0.5925720784591753, "macro avg/recall": 0.7324524802967083, "macro avg/f1-score": 0.5860889144507397, "macro avg/support": 794, "weighted avg/precision": 0.8933199851122579, "weighted avg/recall": 0.7317380352644837, "weighted avg/f1-score": 0.7852354830368355, "weighted avg/support": 794, "accuracy": 0.7317380352644837, "roc_auc": 0.7990913305516921, "pr_auc": 0.38658314302035807}