{"0.0/precision": 0.9436416184971098, "0.0/recall": 0.9082058414464534, "0.0/f1-score": 0.9255846917080085, "0.0/support": 719, "1.0/precision": 0.35294117647058826, "1.0/recall": 0.48, "1.0/f1-score": 0.4067796610169491, "1.0/support": 75, "micro avg/precision": 0.8677581863979849, "micro avg/recall": 0.8677581863979849, "micro avg/f1-score": 0.8677581863979849, "micro avg/support": 794, "macro avg/precision": 0.648291397483849, "macro avg/recall": 0.6941029207232268, "macro avg/f1-score": 0.6661821763624788, "macro avg/support": 794, "weighted avg/precision": 0.8878449772477532, "weighted avg/recall": 0.8677581863979849, "weighted avg/f1-score": 0.8765791787334122, "weighted avg/support": 794, "accuracy": 0.8677581863979849, "roc_auc": 0.7687158089939732, "pr_auc": 0.3347448202970628}