{"0/precision": 0.9401663536356318, "0/recall": 0.8118628359592215, "0/f1-score": 0.8713166728832524, "0/support": 4316, "1/precision": 0.36213668499607227, "1/recall": 0.6739766081871345, "1/f1-score": 0.47112927950945327, "1/support": 684, "micro avg/precision": 0.793, "micro avg/recall": 0.793, "micro avg/f1-score": 0.793, "micro avg/support": 5000, "macro avg/precision": 0.651151519315852, "macro avg/recall": 0.742919722073178, "macro avg/f1-score": 0.6712229761963528, "macro avg/support": 5000, "weighted avg/precision": 0.8610918949657401, "weighted avg/recall": 0.793, "weighted avg/f1-score": 0.8165710374697167, "weighted avg/support": 5000, "accuracy": 0.793, "roc_auc": 0.832211775577343, "pr_auc": 0.4551048093010388}