{"0/precision": 0.9480337078651685, "0/recall": 0.7819740500463392, "0/f1-score": 0.8570340274250888, "0/support": 4316, "1/precision": 0.34652777777777777, "1/recall": 0.72953216374269, "1/f1-score": 0.4698681732580038, "1/support": 684, "micro avg/precision": 0.7748, "micro avg/recall": 0.7748, "micro avg/f1-score": 0.7747999999999999, "micro avg/support": 5000, "macro avg/precision": 0.6472807428214731, "macro avg/recall": 0.7557531068945147, "macro avg/f1-score": 0.6634511003415463, "macro avg/support": 5000, "weighted avg/precision": 0.8657476966292134, "weighted avg/recall": 0.7748, "weighted avg/f1-score": 0.8040697385750315, "weighted avg/support": 5000, "accuracy": 0.7748, "roc_auc": 0.8338924185270095, "pr_auc": 0.44809820130453915}