{"0/precision": 0.9448796866256296, "0/recall": 0.7811704834605598, "0/f1-score": 0.8552614917057111, "0/support": 4323, "1/precision": 0.33660589060308554, "1/recall": 0.7090103397341211, "1/f1-score": 0.456490727532097, "1/support": 677, "micro avg/precision": 0.7714, "micro avg/recall": 0.7714, "micro avg/f1-score": 0.7714, "micro avg/support": 5000, "macro avg/precision": 0.6407427886143575, "macro avg/recall": 0.7450904115973405, "macro avg/f1-score": 0.6558761096189041, "macro avg/support": 5000, "weighted avg/precision": 0.862519414644177, "weighted avg/recall": 0.7714, "weighted avg/f1-score": 0.8012679302366037, "weighted avg/support": 5000, "accuracy": 0.7714, "roc_auc": 0.8271336272508936, "pr_auc": 0.461799905852794}