{"0/precision": 0.942063492063492, "0/recall": 0.8250695088044485, "0/f1-score": 0.8796936758893279, "0/support": 4316, "1/precision": 0.38114754098360654, "1/recall": 0.6798245614035088, "1/f1-score": 0.4884453781512605, "1/support": 684, "micro avg/precision": 0.8052, "micro avg/recall": 0.8052, "micro avg/f1-score": 0.8052000000000001, "micro avg/support": 5000, "macro avg/precision": 0.6616055165235493, "macro avg/recall": 0.7524470351039787, "macro avg/f1-score": 0.6840695270202942, "macro avg/support": 5000, "weighted avg/precision": 0.8653301899557637, "weighted avg/recall": 0.8052, "weighted avg/f1-score": 0.8261709087587602, "weighted avg/support": 5000, "accuracy": 0.8052, "roc_auc": 0.8429964798465115, "pr_auc": 0.47245686207464727}