{"0/precision": 0.9424576499058887, "0/recall": 0.8107795512375665, "0/f1-score": 0.8716737130067147, "0/support": 4323, "1/precision": 0.36143637782982047, "1/recall": 0.6838995568685377, "1/f1-score": 0.47293156281920323, "1/support": 677, "micro avg/precision": 0.7936, "micro avg/recall": 0.7936, "micro avg/f1-score": 0.7936, "micro avg/support": 5000, "macro avg/precision": 0.6519470138678546, "macro avg/recall": 0.7473395540530521, "macro avg/f1-score": 0.672302637912959, "macro avg/support": 5000, "weighted avg/precision": 0.8637873696667889, "weighted avg/recall": 0.7936, "weighted avg/f1-score": 0.8176840258713256, "weighted avg/support": 5000, "accuracy": 0.7936, "roc_auc": 0.821404592453337, "pr_auc": 0.4271049748669467}