{"0/precision": 0.9373716632443532, "0/recall": 0.8461538461538461, "0/f1-score": 0.8894301022893327, "0/support": 4316, "1/precision": 0.39855072463768115, "1/recall": 0.6432748538011696, "1/f1-score": 0.49217002237136454, "1/support": 684, "micro avg/precision": 0.8184, "micro avg/recall": 0.8184, "micro avg/f1-score": 0.8184, "micro avg/support": 5000, "macro avg/precision": 0.6679611939410172, "macro avg/recall": 0.7447143499775079, "macro avg/f1-score": 0.6908000623303486, "macro avg/support": 5000, "weighted avg/precision": 0.8636609588429605, "weighted avg/recall": 0.8184, "weighted avg/f1-score": 0.8350849233565546, "weighted avg/support": 5000, "accuracy": 0.8184, "roc_auc": 0.8437755746332158, "pr_auc": 0.4828334229680175}