{"0/precision": 0.9330018319811567, "0/recall": 0.8259962928637627, "0/f1-score": 0.87624431608701, "0/support": 4316, "1/precision": 0.363019508057676, "1/recall": 0.6257309941520468, "1/f1-score": 0.4594739667203436, "1/support": 684, "micro avg/precision": 0.7986, "micro avg/recall": 0.7986, "micro avg/f1-score": 0.7986, "micro avg/support": 5000, "macro avg/precision": 0.6480106700194164, "macro avg/recall": 0.7258636435079048, "macro avg/f1-score": 0.6678591414036767, "macro avg/support": 5000, "weighted avg/precision": 0.8550282500684245, "weighted avg/recall": 0.7986, "weighted avg/f1-score": 0.81923013229365, "weighted avg/support": 5000, "accuracy": 0.7986, "roc_auc": 0.8219558395525421, "pr_auc": 0.42396822041910087}