{"0/precision": 0.9575226977950714, "0/recall": 0.6841983317886933, "0/f1-score": 0.7981081081081081, "0/support": 4316, "1/precision": 0.2886221294363257, "1/recall": 0.8084795321637427, "1/f1-score": 0.4253846153846154, "1/support": 684, "micro avg/precision": 0.7012, "micro avg/recall": 0.7012, "micro avg/f1-score": 0.7012, "micro avg/support": 5000, "macro avg/precision": 0.6230724136156985, "macro avg/recall": 0.7463389319762179, "macro avg/f1-score": 0.6117463617463618, "macro avg/support": 5000, "weighted avg/precision": 0.866017100043595, "weighted avg/recall": 0.7012, "weighted avg/f1-score": 0.7471195343035343, "weighted avg/support": 5000, "accuracy": 0.7012, "roc_auc": 0.832309331794113, "pr_auc": 0.45517136404348874}