{"0/precision": 0.9212485681557846, "0/recall": 0.7458845351263622, "0/f1-score": 0.8243433696348494, "0/support": 4313, "1/precision": 0.27320954907161804, "1/recall": 0.5997088791848617, "1/f1-score": 0.3753986332574032, "1/support": 687, "micro avg/precision": 0.7258, "micro avg/recall": 0.7258, "micro avg/f1-score": 0.7258000000000001, "micro avg/support": 5000, "macro avg/precision": 0.5972290586137013, "macro avg/recall": 0.672796707155612, "macro avg/f1-score": 0.5998710014461264, "macro avg/support": 5000, "weighted avg/precision": 0.8322080069336202, "weighted avg/recall": 0.7258000000000001, "weighted avg/f1-score": 0.7626583628565884, "weighted avg/support": 5000, "accuracy": 0.7258, "roc_auc": 0.7333104176095356, "pr_auc": 0.3350509275930137}