{"0/precision": 0.8986185904940295, "0/recall": 0.8898678414096917, "0/f1-score": 0.8942218080149115, "0/support": 4313, "1/precision": 0.3484224965706447, "1/recall": 0.3697234352256186, "1/f1-score": 0.3587570621468927, "1/support": 687, "micro avg/precision": 0.8184, "micro avg/recall": 0.8184, "micro avg/f1-score": 0.8184, "micro avg/support": 5000, "macro avg/precision": 0.6235205435323371, "macro avg/recall": 0.6297956383176552, "macro avg/f1-score": 0.626489435080902, "macro avg/support": 5000, "weighted avg/precision": 0.8230216471889564, "weighted avg/recall": 0.8184, "weighted avg/f1-score": 0.8206489519326456, "weighted avg/support": 5000, "accuracy": 0.8184, "roc_auc": 0.7250116519199428, "pr_auc": 0.32131552525321816}