{"0/precision": 0.9284848484848485, "0/recall": 0.7104103872014839, "0/f1-score": 0.8049389202679627, "0/support": 4313, "1/precision": 0.26529411764705885, "1/recall": 0.6564774381368268, "1/f1-score": 0.37788018433179726, "1/support": 687, "micro avg/precision": 0.703, "micro avg/recall": 0.703, "micro avg/f1-score": 0.703, "micro avg/support": 5000, "macro avg/precision": 0.5968894830659537, "macro avg/recall": 0.6834439126691554, "macro avg/f1-score": 0.5914095522998799, "macro avg/support": 5000, "weighted avg/precision": 0.8373624420677362, "weighted avg/recall": 0.703, "weighted avg/f1-score": 0.7462610499503335, "weighted avg/support": 5000, "accuracy": 0.703, "roc_auc": 0.7367670132374585, "pr_auc": 0.32820805644838597}