{"0/precision": 0.9282608695652174, "0/recall": 0.6930210990030141, "0/f1-score": 0.7935749369441125, "0/support": 4313, "1/precision": 0.25617977528089886, "1/recall": 0.6637554585152838, "1/f1-score": 0.3696797730036481, "1/support": 687, "micro avg/precision": 0.689, "micro avg/recall": 0.689, "micro avg/f1-score": 0.689, "micro avg/support": 5000, "macro avg/precision": 0.5922203224230581, "macro avg/recall": 0.678388278759149, "macro avg/f1-score": 0.5816273549738803, "macro avg/support": 5000, "weighted avg/precision": 0.8359169272105521, "weighted avg/recall": 0.689, "weighted avg/f1-score": 0.7353317414186926, "weighted avg/support": 5000, "accuracy": 0.689, "roc_auc": 0.7362779869667244, "pr_auc": 0.33588971621620056}