{"0/precision": 0.911504424778761, "0/recall": 0.8119638302805472, "0/f1-score": 0.858859595340282, "0/support": 4313, "1/precision": 0.29965457685664937, "1/recall": 0.50509461426492, "1/f1-score": 0.3761517615176151, "1/support": 687, "micro avg/precision": 0.7698, "micro avg/recall": 0.7698, "micro avg/f1-score": 0.7698, "micro avg/support": 5000, "macro avg/precision": 0.6055795008177052, "macro avg/recall": 0.6585292222727336, "macro avg/f1-score": 0.6175056784289485, "macro avg/support": 5000, "weighted avg/precision": 0.8274362556742629, "weighted avg/recall": 0.7698, "weighted avg/f1-score": 0.7925355389730475, "weighted avg/support": 5000, "accuracy": 0.7698, "roc_auc": 0.721162384058756, "pr_auc": 0.3116805435788829}