{"0/precision": 0.9255970606246172, "0/recall": 0.7009042429863205, "0/f1-score": 0.7977305713154771, "0/support": 4313, "1/precision": 0.2560553633217993, "1/recall": 0.6462882096069869, "1/f1-score": 0.3667905824039653, "1/support": 687, "micro avg/precision": 0.6934, "micro avg/recall": 0.6934, "micro avg/f1-score": 0.6934, "micro avg/support": 5000, "macro avg/precision": 0.5908262119732083, "macro avg/recall": 0.6735962262966537, "macro avg/f1-score": 0.5822605768597212, "macro avg/support": 5000, "weighted avg/precision": 0.8336020314152099, "weighted avg/recall": 0.6934000000000001, "weighted avg/f1-score": 0.7385194168390353, "weighted avg/support": 5000, "accuracy": 0.6934, "roc_auc": 0.7273044055225882, "pr_auc": 0.3251627986436407}