{"0/precision": 0.9140825035561878, "0/recall": 0.7533411488862837, "0/f1-score": 0.8259640102827764, "0/support": 4265, "1/precision": 0.2915824915824916, "1/recall": 0.5891156462585034, "1/f1-score": 0.39009009009009016, "1/support": 735, "micro avg/precision": 0.7292, "micro avg/recall": 0.7292, "micro avg/f1-score": 0.7292, "micro avg/support": 5000, "macro avg/precision": 0.6028324975693398, "macro avg/recall": 0.6712283975723936, "macro avg/f1-score": 0.6080270501864333, "macro avg/support": 5000, "weighted avg/precision": 0.8225750017960545, "weighted avg/recall": 0.7292, "weighted avg/f1-score": 0.7618905440144516, "weighted avg/support": 5000, "accuracy": 0.7292, "roc_auc": 0.7188174589882848, "pr_auc": 0.3050976404399016}