{"0/precision": 0.7861771058315334, "0/recall": 0.8435689455388181, "0/f1-score": 0.8138624930128565, "0/support": 863, "1/precision": 0.8310387984981227, "1/recall": 0.7703016241299304, "1/f1-score": 0.7995183624322698, "1/support": 862, "micro avg/precision": 0.8069565217391305, "micro avg/recall": 0.8069565217391305, "micro avg/f1-score": 0.8069565217391305, "micro avg/support": 1725, "macro avg/precision": 0.8086079521648281, "macro avg/recall": 0.8069352848343743, "macro avg/f1-score": 0.8066904277225632, "macro avg/support": 1725, "weighted avg/precision": 0.8085949487756493, "weighted avg/recall": 0.8069565217391305, "weighted avg/f1-score": 0.806694585441572, "weighted avg/support": 1725, "accuracy": 0.8069565217391305, "roc_auc": 0.89475417593083, "pr_auc": 0.8999596715363471}