{"0/precision": 0.8339307048984468, "0/recall": 0.8088064889918888, "0/f1-score": 0.8211764705882352, "0/support": 863, "1/precision": 0.8141891891891891, "1/recall": 0.8387470997679815, "1/f1-score": 0.8262857142857143, "1/support": 862, "micro avg/precision": 0.823768115942029, "micro avg/recall": 0.823768115942029, "micro avg/f1-score": 0.823768115942029, "micro avg/support": 1725, "macro avg/precision": 0.8240599470438179, "macro avg/recall": 0.8237767943799351, "macro avg/f1-score": 0.8237310924369747, "macro avg/support": 1725, "weighted avg/precision": 0.8240656692222844, "weighted avg/recall": 0.823768115942029, "weighted avg/f1-score": 0.8237296114967725, "weighted avg/support": 1725, "accuracy": 0.823768115942029, "roc_auc": 0.9053227155043782, "pr_auc": 0.9083243151814162}