{"0/precision": 0.830568720379147, "0/recall": 0.8122827346465817, "0/f1-score": 0.8213239601640305, "0/support": 863, "1/precision": 0.8161180476730987, "1/recall": 0.834106728538283, "1/f1-score": 0.8250143430866322, "1/support": 862, "micro avg/precision": 0.8231884057971014, "micro avg/recall": 0.8231884057971014, "micro avg/f1-score": 0.8231884057971014, "micro avg/support": 1725, "macro avg/precision": 0.8233433840261228, "macro avg/recall": 0.8231947315924324, "macro avg/f1-score": 0.8231691516253314, "macro avg/support": 1725, "weighted avg/precision": 0.8233475726269072, "weighted avg/recall": 0.8231884057971014, "weighted avg/f1-score": 0.8231680819491219, "weighted avg/support": 1725, "accuracy": 0.8231884057971014, "roc_auc": 0.9081886689985025, "pr_auc": 0.9115964935341221}