{"0/precision": 0.8380187416331994, "0/recall": 0.7253765932792584, "0/f1-score": 0.777639751552795, "0/support": 863, "1/precision": 0.7576687116564417, "1/recall": 0.8596287703016241, "1/f1-score": 0.8054347826086956, "1/support": 862, "micro avg/precision": 0.792463768115942, "micro avg/recall": 0.792463768115942, "micro avg/f1-score": 0.792463768115942, "micro avg/support": 1725, "macro avg/precision": 0.7978437266448206, "macro avg/recall": 0.7925026817904413, "macro avg/f1-score": 0.7915372670807452, "macro avg/support": 1725, "weighted avg/precision": 0.7978670165085819, "weighted avg/recall": 0.792463768115942, "weighted avg/f1-score": 0.7915292105500044, "weighted avg/support": 1725, "accuracy": 0.792463768115942, "roc_auc": 0.8853403521412652, "pr_auc": 0.8928009052515353}