{"0/precision": 0.8185993111366245, "0/recall": 0.8261877172653534, "0/f1-score": 0.8223760092272202, "0/support": 863, "1/precision": 0.8243559718969555, "1/recall": 0.8167053364269141, "1/f1-score": 0.8205128205128206, "1/support": 862, "micro avg/precision": 0.8214492753623188, "micro avg/recall": 0.8214492753623188, "micro avg/f1-score": 0.8214492753623188, "micro avg/support": 1725, "macro avg/precision": 0.82147764151679, "macro avg/recall": 0.8214465268461337, "macro avg/f1-score": 0.8214444148700204, "macro avg/support": 1725, "weighted avg/precision": 0.8214759729194683, "weighted avg/recall": 0.8214492753623188, "weighted avg/f1-score": 0.8214449549247201, "weighted avg/support": 1725, "accuracy": 0.8214492753623188, "roc_auc": 0.9021892550940576, "pr_auc": 0.9071733173860497}