{"0/precision": 0.7913513513513514, "0/recall": 0.8482039397450754, "0/f1-score": 0.818791946308725, "0/support": 863, "1/precision": 0.83625, "1/recall": 0.7761020881670534, "1/f1-score": 0.8050541516245487, "1/support": 862, "micro avg/precision": 0.8121739130434783, "micro avg/recall": 0.8121739130434783, "micro avg/f1-score": 0.8121739130434783, "micro avg/support": 1725, "macro avg/precision": 0.8138006756756757, "macro avg/recall": 0.8121530139560644, "macro avg/f1-score": 0.8119230489666369, "macro avg/support": 1725, "weighted avg/precision": 0.8137876615746181, "weighted avg/recall": 0.8121739130434783, "weighted avg/f1-score": 0.8119270309361106, "weighted avg/support": 1725, "accuracy": 0.8121739130434783, "roc_auc": 0.8953201076480093, "pr_auc": 0.900244809528967}