{"0/precision": 0.750242013552759, "0/recall": 0.8980301274623407, "0/f1-score": 0.8175105485232068, "0/support": 863, "1/precision": 0.8728323699421965, "1/recall": 0.7006960556844548, "1/f1-score": 0.7773487773487774, "1/support": 862, "micro avg/precision": 0.7994202898550725, "micro avg/recall": 0.7994202898550725, "micro avg/f1-score": 0.7994202898550725, "micro avg/support": 1725, "macro avg/precision": 0.8115371917474777, "macro avg/recall": 0.7993630915733978, "macro avg/f1-score": 0.797429662935992, "macro avg/support": 1725, "weighted avg/precision": 0.8115016583108432, "weighted avg/recall": 0.7994202898550725, "weighted avg/f1-score": 0.7974413040290861, "weighted avg/support": 1725, "accuracy": 0.7994202898550725, "roc_auc": 0.8955593851911399, "pr_auc": 0.8979056862968411}