{"0/precision": 0.7514177693761814, "0/recall": 0.9212050984936269, "0/f1-score": 0.8276939094221759, "0/support": 863, "1/precision": 0.8980509745127436, "1/recall": 0.6948955916473318, "1/f1-score": 0.7835186396337476, "1/support": 862, "micro avg/precision": 0.8081159420289855, "micro avg/recall": 0.8081159420289855, "micro avg/f1-score": 0.8081159420289855, "micro avg/support": 1725, "macro avg/precision": 0.8247343719444625, "macro avg/recall": 0.8080503450704793, "macro avg/f1-score": 0.8056062745279617, "macro avg/support": 1725, "weighted avg/precision": 0.824691869566162, "weighted avg/recall": 0.8081159420289855, "weighted avg/f1-score": 0.8056190789539874, "weighted avg/support": 1725, "accuracy": 0.8081159420289855, "roc_auc": 0.90243794242821, "pr_auc": 0.9072079216092723}