{"0/precision": 0.7835587929240374, "0/recall": 0.8725376593279258, "0/f1-score": 0.825657894736842, "0/support": 863, "1/precision": 0.856020942408377, "1/recall": 0.7587006960556845, "1/f1-score": 0.8044280442804428, "1/support": 862, "micro avg/precision": 0.8156521739130435, "micro avg/recall": 0.8156521739130435, "micro avg/f1-score": 0.8156521739130435, "micro avg/support": 1725, "macro avg/precision": 0.8197898676662072, "macro avg/recall": 0.8156191776918051, "macro avg/f1-score": 0.8150429695086424, "macro avg/support": 1725, "weighted avg/precision": 0.8197688641446175, "weighted avg/recall": 0.8156521739130435, "weighted avg/f1-score": 0.815049123088485, "weighted avg/support": 1725, "accuracy": 0.8156521739130435, "roc_auc": 0.8993811046019256, "pr_auc": 0.902044878394916}