{"0/precision": 0.8303249097472925, "0/recall": 0.7995365005793743, "0/f1-score": 0.8146399055489963, "0/support": 863, "1/precision": 0.8064876957494407, "1/recall": 0.8364269141531323, "1/f1-score": 0.8211845102505695, "1/support": 862, "micro avg/precision": 0.8179710144927537, "micro avg/recall": 0.8179710144927537, "micro avg/f1-score": 0.8179710144927537, "micro avg/support": 1725, "macro avg/precision": 0.8184063027483666, "macro avg/recall": 0.8179817073662533, "macro avg/f1-score": 0.8179122078997829, "macro avg/support": 1725, "weighted avg/precision": 0.8184132120857572, "weighted avg/recall": 0.8179710144927537, "weighted avg/f1-score": 0.8179103109129129, "weighted avg/support": 1725, "accuracy": 0.8179710144927537, "roc_auc": 0.8963659387073099, "pr_auc": 0.9005286794588363}