{"0/precision": 0.8030467899891186, "0/recall": 0.8551564310544612, "0/f1-score": 0.8282828282828283, "0/support": 863, "1/precision": 0.8449131513647643, "1/recall": 0.7900232018561485, "1/f1-score": 0.8165467625899282, "1/support": 862, "micro avg/precision": 0.8226086956521739, "micro avg/recall": 0.8226086956521739, "micro avg/f1-score": 0.8226086956521739, "micro avg/support": 1725, "macro avg/precision": 0.8239799706769415, "macro avg/recall": 0.8225898164553048, "macro avg/f1-score": 0.8224147954363783, "macro avg/support": 1725, "weighted avg/precision": 0.8239678354997312, "weighted avg/recall": 0.8226086956521739, "weighted avg/f1-score": 0.8224181971945501, "weighted avg/support": 1725, "accuracy": 0.8226086956521739, "roc_auc": 0.8997655617779664, "pr_auc": 0.9058363452663303}