{"0/precision": 0.9701007474813129, "0/recall": 0.820957095709571, "0/f1-score": 0.889319231342172, "0/support": 3636, "1/precision": 0.3776290630975143, "1/recall": 0.811088295687885, "1/f1-score": 0.5153294194390086, "1/support": 487, "micro avg/precision": 0.8197914140189183, "micro avg/recall": 0.8197914140189183, "micro avg/f1-score": 0.8197914140189183, "micro avg/support": 4123, "macro avg/precision": 0.6738649052894137, "macro avg/recall": 0.816022695698728, "macro avg/f1-score": 0.7023243253905902, "macro avg/support": 4123, "weighted avg/precision": 0.9001192509266416, "weighted avg/recall": 0.8197914140189183, "weighted avg/f1-score": 0.8451443493637968, "weighted avg/support": 4123, "accuracy": 0.8197914140189183, "roc_auc": 0.8985989974767497, "pr_auc": 0.635962366090047}