{"0/precision": 0.9662408759124088, "0/recall": 0.8737623762376238, "0/f1-score": 0.9176776429809358, "0/support": 3636, "1/precision": 0.4502994011976048, "1/recall": 0.7720739219712526, "1/f1-score": 0.5688350983358548, "1/support": 487, "micro avg/precision": 0.8617511520737328, "micro avg/recall": 0.8617511520737328, "micro avg/f1-score": 0.8617511520737328, "micro avg/support": 4123, "macro avg/precision": 0.7082701385550068, "macro avg/recall": 0.8229181491044382, "macro avg/f1-score": 0.7432563706583952, "macro avg/support": 4123, "weighted avg/precision": 0.905298965122666, "weighted avg/recall": 0.8617511520737328, "weighted avg/f1-score": 0.8764731027815289, "weighted avg/support": 4123, "accuracy": 0.8617511520737328, "roc_auc": 0.898696697185119, "pr_auc": 0.6737634017920472}