{"0/precision": 0.9644700880655936, "0/recall": 0.8734873487348734, "0/f1-score": 0.9167268004040986, "0/support": 3636, "1/precision": 0.4457831325301205, "1/recall": 0.7597535934291582, "1/f1-score": 0.5618830675778284, "1/support": 487, "micro avg/precision": 0.8600533592044628, "micro avg/recall": 0.8600533592044628, "micro avg/f1-score": 0.8600533592044628, "micro avg/support": 4123, "macro avg/precision": 0.7051266102978571, "macro avg/recall": 0.8166204710820157, "macro avg/f1-score": 0.7393049339909634, "macro avg/support": 4123, "weighted avg/precision": 0.9032038869145446, "weighted avg/recall": 0.8600533592044628, "weighted avg/f1-score": 0.8748134126072532, "weighted avg/support": 4123, "accuracy": 0.8600533592044628, "roc_auc": 0.9009895342717024, "pr_auc": 0.6745958631613356}