{"0/precision": 0.9726682610181073, "0/recall": 0.783003300330033, "0/f1-score": 0.8675910406826146, "0/support": 3636, "1/precision": 0.3403010033444816, "1/recall": 0.8357289527720739, "1/f1-score": 0.48366013071895425, "1/support": 487, "micro avg/precision": 0.7892311423720592, "micro avg/recall": 0.7892311423720592, "micro avg/f1-score": 0.789231142372059, "micro avg/support": 4123, "macro avg/precision": 0.6564846321812945, "macro avg/recall": 0.8093661265510534, "macro avg/f1-score": 0.6756255857007845, "macro avg/support": 4123, "weighted avg/precision": 0.8979743841112298, "weighted avg/recall": 0.7892311423720592, "weighted avg/f1-score": 0.8222419373228517, "weighted avg/support": 4123, "accuracy": 0.7892311423720592, "roc_auc": 0.8931769460313589, "pr_auc": 0.6271428935359309}