{"0/precision": 0.9657597065117701, "0/recall": 0.8688118811881188, "0/f1-score": 0.9147241928478356, "0/support": 3636, "1/precision": 0.44014084507042256, "1/recall": 0.7700205338809035, "1/f1-score": 0.5601194921583271, "1/support": 487, "micro avg/precision": 0.8571428571428571, "micro avg/recall": 0.8571428571428571, "micro avg/f1-score": 0.8571428571428571, "micro avg/support": 4123, "macro avg/precision": 0.7029502757910964, "macro avg/recall": 0.8194162075345112, "macro avg/f1-score": 0.7374218425030814, "macro avg/support": 4123, "weighted avg/precision": 0.9036747233631074, "weighted avg/recall": 0.8571428571428571, "weighted avg/f1-score": 0.8728390390191209, "weighted avg/support": 4123, "accuracy": 0.8571428571428571, "roc_auc": 0.8992885428173207, "pr_auc": 0.661133290160774}