{"0/precision": 0.961304082876295, "0/recall": 0.8677117711771177, "0/f1-score": 0.9121133275513155, "0/support": 3636, "1/precision": 0.4280618311533888, "1/recall": 0.7392197125256673, "1/f1-score": 0.5421686746987953, "1/support": 487, "micro avg/precision": 0.8525345622119815, "micro avg/recall": 0.8525345622119815, "micro avg/f1-score": 0.8525345622119815, "micro avg/support": 4123, "macro avg/precision": 0.6946829570148418, "macro avg/recall": 0.8034657418513925, "macro avg/f1-score": 0.7271410011250554, "macro avg/support": 4123, "weighted avg/precision": 0.8983186410647366, "weighted avg/recall": 0.8525345622119815, "weighted avg/f1-score": 0.8684162511653885, "weighted avg/support": 4123, "accuracy": 0.8525345622119815, "roc_auc": 0.897912275827172, "pr_auc": 0.6591576819367418}