{"0/precision": 0.9662265888854774, "0/recall": 0.8655115511551155, "0/f1-score": 0.9131002466270128, "0/support": 3636, "1/precision": 0.4353348729792148, "1/recall": 0.7741273100616016, "1/f1-score": 0.557280118255728, "1/support": 487, "micro avg/precision": 0.8547174387581857, "micro avg/recall": 0.8547174387581857, "micro avg/f1-score": 0.8547174387581857, "micro avg/support": 4123, "macro avg/precision": 0.7007807309323462, "macro avg/recall": 0.8198194306083586, "macro avg/f1-score": 0.7351901824413705, "macro avg/support": 4123, "weighted avg/precision": 0.9035187873704763, "weighted avg/recall": 0.8547174387581857, "weighted avg/f1-score": 0.8710715290629053, "weighted avg/support": 4123, "accuracy": 0.8547174387581857, "roc_auc": 0.8981229231752745, "pr_auc": 0.6551500926449075}