{"0/precision": 0.9621749408983451, "0/recall": 0.8954895489548955, "0/f1-score": 0.9276353276353276, "0/support": 3636, "1/precision": 0.4857916102841678, "1/recall": 0.7371663244353183, "1/f1-score": 0.5856443719412724, "1/support": 487, "micro avg/precision": 0.8767887460586952, "micro avg/recall": 0.8767887460586952, "micro avg/f1-score": 0.8767887460586952, "micro avg/support": 4123, "macro avg/precision": 0.7239832755912564, "macro avg/recall": 0.8163279366951068, "macro avg/f1-score": 0.7566398497883, "macro avg/support": 4123, "weighted avg/precision": 0.9059055540419045, "weighted avg/recall": 0.8767887460586952, "weighted avg/f1-score": 0.8872400825654744, "weighted avg/support": 4123, "accuracy": 0.8767887460586952, "roc_auc": 0.9027870959580557, "pr_auc": 0.651187036189197}