{"0/precision": 0.9719749423013518, "0/recall": 0.8107810781078107, "0/f1-score": 0.8840905683010947, "0/support": 3636, "1/precision": 0.3688073394495413, "1/recall": 0.8254620123203286, "1/f1-score": 0.5098287888395688, "1/support": 487, "micro avg/precision": 0.8125151588649042, "micro avg/recall": 0.8125151588649042, "micro avg/f1-score": 0.8125151588649041, "micro avg/support": 4123, "macro avg/precision": 0.6703911408754466, "macro avg/recall": 0.8181215452140697, "macro avg/f1-score": 0.6969596785703318, "macro avg/support": 4123, "weighted avg/precision": 0.9007300665824985, "weighted avg/recall": 0.8125151588649042, "weighted avg/f1-score": 0.8398835620925661, "weighted avg/support": 4123, "accuracy": 0.8125151588649042, "roc_auc": 0.9083356487599479, "pr_auc": 0.6801087752498297}