{"0/precision": 0.964124208622249, "0/recall": 0.8795379537953796, "0/f1-score": 0.9198906946641737, "0/support": 3636, "1/precision": 0.456575682382134, "1/recall": 0.75564681724846, "1/f1-score": 0.5692188708430008, "1/support": 487, "micro avg/precision": 0.8649041959738055, "micro avg/recall": 0.8649041959738055, "micro avg/f1-score": 0.8649041959738055, "micro avg/support": 4123, "macro avg/precision": 0.7103499455021915, "macro avg/recall": 0.8175923855219198, "macro avg/f1-score": 0.7445547827535872, "macro avg/support": 4123, "weighted avg/precision": 0.90417365507412, "weighted avg/recall": 0.8649041959738055, "weighted avg/f1-score": 0.8784700838950951, "weighted avg/support": 4123, "accuracy": 0.8649041959738055, "roc_auc": 0.8973447139375128, "pr_auc": 0.6586219199902712}