{"0/precision": 0.9668730650154799, "0/recall": 0.8589108910891089, "0/f1-score": 0.9096999708709583, "0/support": 3636, "1/precision": 0.425531914893617, "1/recall": 0.7802874743326489, "1/f1-score": 0.5507246376811594, "1/support": 487, "micro avg/precision": 0.849624060150376, "micro avg/recall": 0.849624060150376, "micro avg/f1-score": 0.849624060150376, "micro avg/support": 4123, "macro avg/precision": 0.6962024899545485, "macro avg/recall": 0.8195991827108788, "macro avg/f1-score": 0.7302123042760589, "macro avg/support": 4123, "weighted avg/precision": 0.9029309985324949, "weighted avg/recall": 0.849624060150376, "weighted avg/f1-score": 0.8672985672174457, "weighted avg/support": 4123, "accuracy": 0.849624060150376, "roc_auc": 0.9034100021911842, "pr_auc": 0.6277299773570495}