,pval_sig,mean,std
ag,0.85,0.321793894097313,0.13020190467235843
al,0.94,0.4464573620444159,0.12543883904713077
gl,0.97,0.5488310583424386,0.12031209658661617
