,pval_sig,mean,std
ag,0.99,0.7210213741958044,0.13652237605806364
al,1.00,0.7717328661796303,0.07752444885689773
gl,0.96,0.6222213918241001,0.1970408051317958
