,pval_sig,mean,std
ag,0.44,0.12294236201452183,0.1891695739699373
al,0.48,0.1304799715206186,0.2062747878341
gl,0.99,0.5340189816329753,0.16449549346298764
