,pval_sig,mean,std
ag,0.61,0.18540506454435685,0.11589986948726731
al,0.42,,
gl,0.95,,
