,pval_sig,mean,std
ag,0.71,-0.17538828673798404,0.2297320548184653
al,0.31,0.03577432299239304,0.16726959568021887
gl,0.77,0.3521774034338494,0.296572994335685
