,pval_sig,mean,std
ag,0.38,0.06661017031765111,0.1544622907054049
al,0.48,0.13155301545390835,0.15627620490125796
gl,0.99,0.49902664567270155,0.1549935005014367
