,pval_sig,mean,std
ag,0.84,0.4610697206531806,0.19979300273536235
al,1.00,0.6383729616664336,0.10666394433090627
gl,0.86,0.4445910208338448,0.19020213832879274
