,pval_sig,mean,std
ag,0.31,0.17504362955813954,0.12697326016475924
al,0.69,0.3048550953811016,0.14968883836707492
gl,0.93,0.45643998276819464,0.13655585493190123
