,pval_sig,mean,std
ag,0.80,0.3671958074514418,0.14954285719123614
al,0.86,0.38871992720633597,0.13370746001914557
gl,0.99,0.6117554865182391,0.1206303793973962
