,pval_sig,mean,std
ag,0.83,0.3596008539194355,0.12534039606845662
al,0.98,0.491384821613962,0.10622445145583008
gl,0.94,0.46186126287280477,0.1305247637017669
