,pval_sig,mean,std
ag,0.97,0.5072351397756094,0.1298729820794418
al,1.00,0.7704198990195408,0.07088457852118563
gl,0.94,0.49431891716031273,0.17143867895790948
