,pval_sig,mean,std
ag,0.86,0.3672701695224903,0.11521359929254901
al,0.88,0.39058839203212864,0.11809756807429941
gl,0.85,0.42077356332478844,0.1743064358836658
