,pval_sig,mean,std
ag,1.00,0.5642630238458972,0.05801428977135349
al,1.00,0.6043988610976888,0.027707527949482755
gl,1.00,0.46166930503846204,0.04098580261127963
