,pval_sig,mean,std
ag,1.00,0.49647558946576453,0.05868764591450006
al,1.00,0.44492877736229886,0.0539602994996834
gl,1.00,0.6135201110508857,0.06933345081615691
