,pval_sig,mean,std
ag,1.00,0.2887931839131182,0.049924069913822866
al,1.00,0.47629324615692625,0.061871496308480586
gl,1.00,0.2859081470760526,0.05026634411124412
