,pval_sig,mean,std
ag,1.00,0.4652882951379393,0.05939185411725524
al,1.00,0.4633289983728495,0.05762345403804724
gl,1.00,0.6786489702203463,0.04678777526040221
