,pval_sig,mean,std
ag,1.00,0.7384017503465153,0.06000854952362273
al,1.00,0.7686146693643084,0.026674262394025143
gl,1.00,0.6990966742786242,0.08315466857035787
