,pval_sig,mean,std
ag,0.80,0.42153736015731513,0.13208883897949364
al,0.83,0.4370275742705495,0.15517119657992756
gl,0.78,0.41338716652555757,0.15753644045842985
