,pval_sig,mean,std
ag,0.89,0.25554675725700315,0.10350683946647408
al,0.87,0.23903784472340708,0.11254243370289095
gl,0.97,0.49899279504792315,0.17057443443745085
