,pval_sig,mean,std
ag,0.71,0.1858425027001904,0.07379264349005793
al,0.66,0.18053432469862696,0.07874752942780142
gl,0.98,0.37452333239220953,0.1014933422764758
