,pval_sig,mean,std
ag,1.00,0.8862662448571506,0.06716230447537833
al,0.99,0.5995468824110569,0.1787369923151074
gl,0.99,0.575191404987288,0.1612904630156708
