,pval_sig,mean,std
ag,1.00,0.7483026613821355,0.06652252974223165
al,1.00,0.48016732913418886,0.13689555820388954
gl,0.98,0.41141919315129455,0.14587666914377165
