,pval_sig,mean,std
ag,0.68,0.2204154518105376,0.13547181239295733
al,0.57,0.16957462562543915,0.14676395167087852
gl,0.83,0.279966669803072,0.11351491248631965
