,pval_sig,mean,std
ag,0.92,0.34247274809418776,0.15160032503378662
al,0.89,0.29944940248283336,0.14775285371647442
gl,0.97,0.3952941331848591,0.1205324681136454
