,pval_sig,mean,std
ag,0.88,0.2437411957116596,0.06177591133161628
al,0.53,0.15217124781000696,0.07734915853261148
gl,0.99,0.4135111138597604,0.09299169581245174
