,pval_sig,mean,std
ag,0.13,0.11019848054087569,0.1280217556274925
al,0.27,0.1685039541427682,0.12497186799750831
gl,0.93,0.5482000135228837,0.14403410403230674
