,pval_sig,mean,std
ag,1.00,0.724819926934582,0.09219295738608473
al,1.00,0.6073142873154679,0.127438106905795
gl,1.00,0.5462335969923954,0.11916734344097352
