,pval_sig,mean,std
ag,0.23,0.15969096455933846,0.12672699690537462
al,0.51,0.24473151156548664,0.1410213103002001
gl,0.65,0.30376117277176423,0.16106216294792175
