,pval_sig,mean,std
ag,0.99,0.7345354760726466,0.09865303415912244
al,0.99,0.717355118376302,0.11854037927503389
gl,0.99,0.691275907881537,0.14089950648094693
