,pval_sig,mean,std
ag,1.00,0.6465632333707222,0.06496294184916511
al,1.00,0.6776927560682566,0.057286147240853506
gl,0.99,0.47429071860437555,0.05799838086822062
