,pval_sig,mean,std
ag,0.91,0.17818299659970557,0.049484011721259775
al,0.91,0.17997505730510785,0.05797111969123054
gl,1.00,0.4651504816504192,0.07960640809205756
