,pval_sig,mean,std
ag,0.98,0.8171905470275876,0.13498421614296324
al,0.99,0.7133205145365712,0.13595811445719275
gl,0.98,0.6837843901841695,0.14710427761678246
