,pval_sig,mean,std
ag,0.44,0.08158824376380722,0.05301206105617955
al,0.12,0.014439196373376229,0.0537530207535122
gl,1.00,0.5248439919758628,0.12572118918848527
