,pval_sig,mean,std
ag,0.27,-0.013644088157967194,0.13409632859832715
al,0.27,-0.016798615861351476,0.13720740137851287
gl,0.91,0.43665166006645095,0.18807592360495876
