,pval_sig,mean,std
ag,0.28,0.16042185152196078,0.1411707986691404
al,0.55,0.25075344738140787,0.1556797617279415
gl,0.84,0.49859703561376506,0.1581976569891707
