,pval_sig,mean,std
ag,0.99,0.21600295419601415,0.07477887708514942
al,0.99,0.2215903265999446,0.07527031991403434
gl,1.00,0.5397221563929763,0.0685500035867966
