,pval_sig,mean,std
ag,1.00,0.688557053638014,0.09790599189168515
al,1.00,0.5013327584339594,0.10448411911527293
gl,1.00,0.5709238177455198,0.11036682033398947
