,pval_sig,mean,std
ag,0.98,0.18312068171514903,0.05720589885252525
al,0.99,0.19577473500377016,0.0566059422582175
gl,1.00,0.5687042896897987,0.06729752400527285
