,pval_sig,mean,std
ag,0.98,0.1972204584058603,0.07479417026513904
al,0.99,0.23593180830625254,0.07103807963483943
gl,1.00,0.5415427263446972,0.054374816816187235
