,pval_sig,mean,std
ag,0.92,0.2152330039695056,0.11574964468257815
al,0.86,0.17607188427604714,0.11385905158841932
gl,1.00,0.41001227618589664,0.07377300036747912
