,pval_sig,mean,std
ag,1.00,0.6346013571792192,0.08682103309171318
al,1.00,0.5136760668824145,0.08361038012032598
gl,1.00,0.5529553460709117,0.07965798047561229
