,pval_sig,mean,std
ag,1.00,0.4210034106820684,0.05227391575579361
al,1.00,0.4170557058392678,0.04800334357897081
gl,1.00,0.505907551241081,0.06895389896220215
