,pval_sig,mean,std
ag,1.00,0.7135758953472199,0.0521528571742518
al,1.00,0.7496634244880519,0.017781908494814584
gl,1.00,0.6222213147194353,0.06206500390578609
