,pval_sig,mean,std
ag,1.00,0.41967593197860165,0.04726573209938168
al,1.00,0.46290282038341646,0.04205155913187905
gl,1.00,0.5102613173572687,0.05743298575738554
