,pval_sig,mean,std
ag,0.94,0.08668101781166698,0.044871112213129935
al,1.00,0.2225063402075624,0.0961780472665299
gl,1.00,0.2505772127870292,0.04562531944659634
