,pval_sig,mean,std
ag,1.00,0.5122598142584684,0.05077395882992854
al,1.00,0.5198349849950474,0.039509921943395566
gl,1.00,0.4309172391842322,0.03343557384792888
