,pval_sig,mean,std
ag,1.00,0.353329192737954,0.08166612140617663
al,1.00,0.40613983531427084,0.03867852856541282
gl,1.00,0.4402387598853788,0.10979878408277112
