,pval_sig,mean,std
ag,0.99,0.2676280305567051,0.061443952754163124
al,1.00,0.1752397160482615,0.059227645479526934
gl,1.00,0.4941357670589122,0.11598097075804761
