,pval_sig,mean,std
ag,0.85,0.04663855237592456,0.0851646093416078
al,1.00,0.345066214887404,0.0971616026646476
gl,1.00,0.43445931198683424,0.08122928167051682
