,pval_sig,mean,std
ag,1.00,0.4277497002911668,0.03884844740785307
al,1.00,0.47415363024585705,0.033228915748291565
gl,1.00,0.5556619916449751,0.04223725809174174
