,pval_sig,mean,std
ag,0.91,0.06413517901787512,0.0820714980936733
al,1.00,0.28736563382197217,0.052564017145315764
gl,1.00,0.48353423166581605,0.0607698327163364
