,pval_sig,mean,std
ag,1.00,0.4934402677655797,0.06496761024015739
al,1.00,0.5587517988276105,0.037489133416392616
gl,1.00,0.6999819390485524,0.07654668429823643
