,pval_sig,mean,std
ag,1.00,0.5861139697676963,0.10010153402715137
al,1.00,0.6068832285485205,0.05271062488710189
gl,0.98,0.5064505174504448,0.2855183161731614
