,pval_sig,mean,std
ag,0.99,0.34126803240126413,0.06974943205140435
al,1.00,0.4371574309614571,0.06085171421812098
gl,1.00,0.516875303892238,0.09960191824716733
