,pval_sig,mean,std
ag,0.99,0.3647215679522977,0.06617680360966799
al,0.99,0.3458096315294418,0.0672170644748633
gl,1.00,0.5952357601188463,0.10495352768946731
