,pval_sig,mean,std
ag,0.87,0.20067120472859662,0.08278132336700131
al,0.84,,
gl,0.99,,
