,pval_sig,mean,std
ag,1.00,0.5763489749559327,0.09839953790831313
al,1.00,0.6747505716302005,0.05039377523112153
gl,1.00,0.6394211968946929,0.18673262465538346
