,pval_sig,mean,std
ag,0.45,0.09162959333870199,0.07068699420512542
al,0.62,0.12227410753010001,0.0625507149658477
gl,1.00,0.6022280581043568,0.1417771406273393
