,pval_sig,mean,std
ag,0.98,0.2948175423659829,0.05719638345307823
al,1.00,0.45157910532435896,0.054014417341185374
gl,1.00,0.5131244878690772,0.06889264172324101
