,pval_sig,mean,std
ag,0.81,-0.002355506557256888,0.09427474904257614
al,0.88,0.14647669475685568,0.1001452284649941
gl,1.00,0.3369276551616837,0.06498876086415145
