,pval_sig,mean,std
ag,0.79,-0.051790465127870694,0.02278415634759933
al,0.95,0.17163368942456875,0.09718849223444541
gl,1.00,0.3592732309170003,0.13554309577321222
