,pval_sig,mean,std
ag,1.00,0.358128053602385,0.08453385236228297
al,1.00,0.3855996770138802,0.05881112447892425
gl,1.00,0.42663568545741465,0.07638965515834778
