,pval_sig,mean,std
ag,0.79,0.1627108962882341,0.24025585285052542
al,1.00,0.28055712080545875,0.099393785266883
gl,1.00,0.32165292839750614,0.10860693655745807
