,pval_sig,mean,std
ag,0.99,0.20789652459116342,0.06872360350116603
al,0.99,0.19813758918544527,0.07162312340783782
gl,0.99,0.4609976811924006,0.11900282698567134
