,pval_sig,mean,std
ag,1.00,0.6843369992926688,0.1323934168688724
al,1.00,0.5761308759684998,0.05412308529977629
gl,1.00,0.45145314135624526,0.1698473278139247
