,pval_sig,mean,std
ag,1.00,0.6067437197454906,0.04512140152920612
al,1.00,0.4512448637966567,0.044670021999435205
gl,1.00,0.43974373703298864,0.05490305399668292
