,pval_sig,mean,std
ag,0.99,0.2744524465273182,0.06047230995410673
al,0.98,0.24016475480131003,0.07214695808882714
gl,1.00,0.5149580692765833,0.054397719495457415
