,pval_sig,mean,std
ag,1.00,0.2809425511067383,0.05383053778684624
al,1.00,0.2709243605382424,0.054887781654609384
gl,1.00,0.6028861413678822,0.036192823830095075
