,pval_sig,mean,std
ag,1.00,0.7560398864092507,0.03657778865102736
al,1.00,0.7392826183463076,0.025531910492117997
gl,1.00,0.6830059467617462,0.06213488622427487
