,pval_sig,mean,std
ag,0.29,0.2639701780365313,0.22736374881078927
al,0.25,0.2348412597999905,0.23562938248917323
gl,0.43,0.3397409264537695,0.22054252945960204
