,pval_sig,mean,std
ag,0.32,0.28828729430960187,0.21237035179242394
al,0.30,0.27061002626852393,0.22156718740136663
gl,0.35,0.29393422890889287,0.22766215077319307
