,pval_sig,mean,std
ag,0.35,0.2895343660893371,0.2372989217616043
al,0.37,0.3137637517096388,0.21644461374814597
gl,0.25,0.24019076295209268,0.21977488494988556
