,pval_sig,mean,std
ag,0.13,0.15609682884485673,0.23765237060761865
al,0.11,0.115709209655912,0.23463354347570328
gl,0.35,0.30979225803444493,0.20845945571435268
