,pval_sig,mean,std
ag,0.81,0.5933580428652148,0.18918678929857702
al,0.80,0.5822013721140598,0.1851627455707603
gl,0.78,0.5866432631161707,0.21830215145594686
