,pval_sig,mean,std
ag,0.75,0.527369301081605,0.17953601477972445
al,0.70,0.5002501300036313,0.18155957292353858
gl,0.59,0.434139991104978,0.22336048044077886
