,pval_sig,mean,std
ag,0.51,0.3517114987837484,0.17451759787092835
al,0.75,0.47699677334537216,0.16712104370938957
gl,0.74,0.48787105715847523,0.1758931754547527
