,pval_sig,mean,std
ag,0.42,0.31400048373944245,0.1750572196364281
al,0.50,0.34725802928418464,0.21693138788962515
gl,0.82,0.6607978491637511,0.23611714752232102
