,pval_sig,mean,std
ag,0.21,0.21522070089333958,0.19288114241581938
al,0.25,0.2401675838126187,0.19586221562893566
gl,0.82,0.6357248345066272,0.20942757660983674
