,pval_sig,mean,std
ag,0.07,0.06357263100018691,0.20037765557123252
al,0.09,0.07346092036475935,0.2048535122303366
gl,0.94,0.7077708488080213,0.13645975996130433
