,pval_sig,mean,std
ag,0.36,0.29134283404271316,0.19116235107388305
al,0.49,0.3511545853457849,0.21094203647828036
gl,0.91,0.6558694976630044,0.16321927491603963
