,pval_sig,mean,std
ag,0.88,0.6226055611525542,0.15468670427060136
al,0.85,0.6058161089641665,0.20124710866434548
gl,0.73,0.5580479600863579,0.2498858280819428
