,pval_sig,mean,std
ag,0.50,0.319234106089846,0.19960634992276374
al,0.78,0.4739547934087162,0.172257077589938
gl,0.75,0.48363348728384314,0.20337192455954162
