,pval_sig,mean,std
ag,0.86,0.5913582627626341,0.19608523465659988
al,0.97,0.726304677746945,0.12613120623945423
gl,0.76,0.5877198619124346,0.2862453398872605
