,pval_sig,mean,std
ag,0.59,0.3586347397444137,0.19008333507838518
al,0.72,0.43182354461688727,0.17515762332877793
gl,0.73,0.45785246147024666,0.19788326887307722
