,pval_sig,mean,std
ag,0.24,0.18009186058643997,0.2087434348148697
al,0.14,,
gl,0.67,,
