,pval_sig,mean,std
ag,0.03,-0.04646901801449594,0.17314610681337328
al,0.15,-0.04759623005900365,0.2373515583145116
gl,0.70,0.5108303921856113,0.31341803722618583
