,pval_sig,mean,std
ag,0.11,0.0025860367490798844,0.2240828472947303
al,0.27,-0.1162844803434677,0.273365223123776
gl,0.76,0.4975823589222726,0.1892541278935066
