,pval_sig,mean,std
Overall,0.00,0.13481556874610903,0.0822153301704177
