,pval_sig,mean,std
Overall,0.00,0.15518232998790982,0.05230858402955258
