,pval_sig,mean,std
Overall,0.00,0.1521759558696482,0.07545580226675078
