,pval_sig,mean,std
Overall,0.00,0.06258732119968417,0.09907527778728903
