,pval_sig,mean,std
Overall,0.00,0.15885747758979407,0.07500417798784013
