,pval_sig,mean,std
Overall,0.00,0.15986700649540195,0.06724826438161209
