,pval_sig,mean,std
Overall,0.00,0.16292019635139415,0.0804709070489122
