,pval_sig,mean,std
Overall,0.00,0.17613671900413716,0.06149844471894362
