,pval_sig,mean,std
Overall,0.00,0.11862209328425469,0.06571585301369319
