,pval_sig,mean,std
Overall,0.00,0.15140195691214184,0.05910466889385977
