,pval_sig,mean,std
Overall,0.00,0.14736120844075154,0.058134330276677824
