,pval_sig,mean,std
Overall,0.00,0.1736185746267335,0.060014229612265345
