,pval_sig,mean,std
Overall,0.00,0.15738511091520174,0.01564104155012616
