,pval_sig,mean,std
Overall,0.00,0.15635369739508714,0.019179225090901125
