,pval_sig,mean,std
Overall,0.00,0.16707663514091534,0.017014529916659856
