,pval_sig,mean,std
Overall,0.00,0.13348643701806914,0.024139700421342634
