,pval_sig,mean,std
Overall,0.00,0.10887364168279098,0.02097204534483163
