,pval_sig,mean,std
Overall,0.00,0.1894376766640877,0.024086018912001163
