,pval_sig,mean,std
Overall,0.00,0.18010168454931136,0.12528552655585568
