,pval_sig,mean,std
Overall,0.00,0.14438807792771952,0.03327739879709391
