,pval_sig,mean,std
Overall,0.00,0.03281852395237447,0.040919512817473906
