,pval_sig,mean,std
Overall,0.00,0.1816987094390579,0.052035508140793836
