,pval_sig,mean,std
Overall,0.00,0.19356650777932732,0.14546921860023035
