,pval_sig,mean,std
Overall,0.00,0.2033866178101389,0.0910592025798051
