,pval_sig,mean,std
Overall,0.00,0.1928361586529523,0.08764434605523655
