,pval_sig,mean,std
Overall,0.00,0.1468312084077937,0.040257613456789215
