,pval_sig,mean,std
Overall,0.00,0.20981997017919082,0.18054075563312638
