,pval_sig,mean,std
Overall,0.00,0.1615076804671847,0.045769267313944324
