,pval_sig,mean,std
Overall,0.00,0.186427511898459,0.10017478526697579
