,pval_sig,mean,std
Overall,0.00,0.17212001713547723,0.03272172673728316
