,pval_sig,mean,std
Overall,0.00,0.14872483778084625,0.022302717201983718
