,pval_sig,mean,std
Overall,0.00,0.13989417528983306,0.01856962676954486
