,pval_sig,mean,std
Overall,0.00,0.15779628744626836,0.07965804847468293
