,pval_sig,mean,std
Overall,0.00,0.15856739641229192,0.011991449392109927
