,pval_sig,mean,std
Overall,0.00,0.16078766086791688,0.01119171410448244
