,pval_sig,mean,std
Overall,0.00,0.16184758474470015,0.02273041979002986
