,pval_sig,mean,std
Overall,0.00,0.13465738712161304,0.030304001236597915
