,pval_sig,mean,std
Overall,0.00,0.15808866027111,0.013788903852696481
