,pval_sig,mean,std
Overall,0.00,0.135106834076059,0.024022254658674278
