,pval_sig,mean,std
Overall,0.00,0.15084162086694836,0.037337882320089076
