,pval_sig,mean,std
Overall,0.00,0.14375987812229513,0.03522263897426941
