,pval_sig,mean,std
Overall,0.00,0.14571226400199774,0.025097487056914097
