,pval_sig,mean,std
Overall,0.00,0.07627174496488515,0.044353721950012914
