,pval_sig,mean,std
Overall,0.00,0.153856900452443,0.03934385836581836
