,pval_sig,mean,std
Overall,0.00,0.14631971351773176,0.05799444540537764
