,pval_sig,mean,std
Overall,0.00,0.25658747531504633,0.11943998364164739
