,pval_sig,mean,std
Overall,0.00,0.282143494636462,0.1337209180590726
