,pval_sig,mean,std
Overall,0.00,0.21188822768290502,0.09502792049845299
