,pval_sig,mean,std
Overall,0.00,0.19366475327418106,0.09538204023537106
