,pval_sig,mean,std
Overall,0.00,0.25348593468650976,0.12300550525555905
