,pval_sig,mean,std
Overall,0.00,0.25448312384763383,0.12182043153264072
