,pval_sig,mean,std
Overall,0.00,0.2819106396639699,0.13805202469978395
