,pval_sig,mean,std
Overall,0.00,0.20880782735143819,0.1033447106167084
