,pval_sig,mean,std
Overall,0.00,0.15995245104549916,0.08449780370254695
