,pval_sig,mean,std
Overall,0.00,0.2379095436583933,0.10785439877787202
