,pval_sig,mean,std
Overall,0.00,0.23379028396374346,0.11286740287467996
