,pval_sig,mean,std
Overall,0.00,0.2030541867847583,0.09684685831236782
