,pval_sig,mean,std
Overall,0.00,0.20088874301070286,0.16578734394046646
