,pval_sig,mean,std
Overall,0.00,0.21159196776172484,0.0995421799998543
