,pval_sig,mean,std
Overall,0.00,0.24014742473749484,0.12488423359616366
