,pval_sig,mean,std
Overall,0.00,0.19246607277314154,0.10646304629833583
