,pval_sig,mean,std
Overall,0.00,0.1451223304478956,0.08728391065882038
