,pval_sig,mean,std
Overall,0.00,0.24702310823502038,0.14701649230270358
