,pval_sig,mean,std
0,0.96,0.5221993363037323,0.09141948700297085
1,0.91,0.35424974120698727,0.09607199226853051
Overall,0.94,0.4464573620444159,0.12543883904713077
