,pval_sig,mean,std
0,1.00,0.7868207034930322,0.0723860690687976
1,1.00,0.7537755628741092,0.07958287484648124
Overall,1.00,0.7717328661796303,0.07752444885689773
