,pval_sig,mean,std
0,0.10,0.009128060679064362,0.10838152067676018
1,0.75,,
