,pval_sig,mean,std
0,0.45,0.11688872736507061,0.14497331192461418
1,0.50,0.14786595131604743,0.16644735937596894
