,pval_sig,mean,std
0,0.24,-0.03404431012263787,0.15070883420518458
1,0.38,0.10598519561930614,0.153111308699109
Overall,0.31,0.03577432299239304,0.16726959568021887
