,pval_sig,mean,std
0,0.37,0.06624843718641601,0.16591780078208243
1,0.61,0.2095650481696055,0.22295551476837563
