,pval_sig,mean,std
0,0.82,0.3579267956888918,0.13151507692026843
1,0.90,0.4187444314160123,0.12891322994679616
Overall,0.86,0.38871992720633597,0.13370746001914557
