,pval_sig,mean,std
0,0.63,0.2675159022395334,0.13616384843567292
1,0.75,0.3414545130589683,0.1532651151056251
Overall,0.69,0.3048550953811016,0.14968883836707492
