,pval_sig,mean,std
0,1.00,0.781844697517773,0.07295650014126163
1,1.00,0.7591860109922973,0.06691061931504753
