,pval_sig,mean,std
0,0.98,0.5149595614121427,0.10856997232839254
1,0.97,0.46827715173879,0.09854485834009731
