,pval_sig,mean,std
0,1.00,0.6593024638638723,0.10139627329683874
1,0.99,0.6183492184512643,0.10772985483773007
Overall,1.00,0.6383729616664336,0.10666394433090627
