,pval_sig,mean,std
0,0.87,0.3880984925215495,0.12067860223901335
1,0.89,0.39297053700438284,0.1155240718013421
