,pval_sig,mean,std
0,1.00,0.43880996037453496,0.04826811405738914
1,1.00,0.5085797342054756,0.053535104266115095
Overall,1.00,0.47629324615692625,0.061871496308480586
