,pval_sig,mean,std
0,1.00,0.7669233720873166,0.023278686268649124
1,1.00,0.7695326840232135,0.02830526357366847
Overall,1.00,0.7686146693643084,0.026674262394025143
