,pval_sig,mean,std
0,1.00,0.46644283483394244,0.05359114743786756
1,1.00,0.4611252954375971,0.06021726579695287
Overall,1.00,0.4633289983728495,0.05762345403804724
