,pval_sig,mean,std
0,1.00,0.6065259275309496,0.026939051510208468
1,1.00,0.6028386228073573,0.02815595441160492
Overall,1.00,0.6043988610976888,0.027707527949482755
