,pval_sig,mean,std
0,1.00,0.5010234629461979,0.04202842453469547
1,0.90,,
