,pval_sig,mean,std
0,1.00,0.44071627767354915,0.05049919579675804
1,1.00,0.44772046029173374,0.05596214372382149
