,pval_sig,mean,std
Overall,0.53,0.15227831692605134,0.07740504486922979
