,pval_sig,mean,std
Overall,0.55,0.25075344738140787,0.1556797617279415
