,pval_sig,mean,std
Overall,0.57,0.16957463947077292,0.1467639682904007
