,pval_sig,mean,std
Overall,0.27,0.1685039541427682,0.12497186799750831
