,pval_sig,mean,std
Overall,0.99,0.717355118376302,0.11854037927503389
