,pval_sig,mean,std
Overall,0.91,0.17999215681947492,0.057977618549979085
