,pval_sig,mean,std
Overall,0.27,0.16853067923385748,0.12498632861408476
