,pval_sig,mean,std
Overall,0.87,0.2390378165698434,0.11254232728003091
