,pval_sig,mean,std
Overall,0.87,0.23903784472340708,0.11254243370289095
