,pval_sig,mean,std
Overall,0.83,0.4370275742705495,0.15517119657992756
