,pval_sig,mean,std
Overall,1.00,0.48016732913418886,0.13689555820388954
