,pval_sig,mean,std
Overall,0.57,0.16957462562543915,0.14676395167087852
