,pval_sig,mean,std
Overall,0.12,0.014450878840028129,0.05375081866478702
