,pval_sig,mean,std
Overall,0.89,0.29944940248283336,0.14775285371647442
