,pval_sig,mean,std
Overall,0.27,-0.016798608063745765,0.13720741104561565
