,pval_sig,mean,std
Overall,0.89,0.2994494045184608,0.14775291126024004
