,pval_sig,mean,std
Overall,0.27,-0.016798615861351476,0.13720740137851287
