,pval_sig,mean,std
Overall,0.99,0.5995468824110569,0.1787369923151074
