,pval_sig,mean,std
Overall,0.66,0.18053432469862696,0.07874752942780142
