,pval_sig,mean,std
Overall,0.12,0.014439196373376229,0.0537530207535122
