,pval_sig,mean,std
Overall,0.51,0.24473151156548664,0.1410213103002001
