,pval_sig,mean,std
Overall,0.53,0.15217124781000696,0.07734915853261148
