,pval_sig,mean,std
Overall,1.00,0.6073142873154679,0.127438106905795
