,pval_sig,mean,std
Overall,0.99,0.7133205145365712,0.13595811445719275
