,pval_sig,mean,std
Overall,0.66,0.180534222150122,0.0787731905247387
