,pval_sig,mean,std
Overall,0.91,0.17997505730510785,0.05797111969123054
