,pval_sig,mean,std
Overall,0.99,0.23593182960468378,0.07103806447907161
