,pval_sig,mean,std
Overall,0.86,0.1760719076112054,0.11385904529305302
