,pval_sig,mean,std
Overall,0.99,0.2215903265999446,0.07527031991403434
