,pval_sig,mean,std
Overall,0.99,0.19577473500377016,0.0566059422582175
