,pval_sig,mean,std
Overall,0.99,0.23593180830625254,0.07103807963483943
