,pval_sig,mean,std
Overall,1.00,0.5136760668824145,0.08361038012032598
