,pval_sig,mean,std
Overall,0.99,0.2215903433598323,0.07527036711784865
