,pval_sig,mean,std
Overall,0.86,0.17607188427604714,0.11385905158841932
