,pval_sig,mean,std
Overall,0.99,0.19577480685101217,0.0566059794353416
