,pval_sig,mean,std
0,1.00,0.17835290969032788,0.05742035615492293
1,1.00,0.35442152767880614,0.061724834136860175
