,pval_sig,mean,std
0,1.00,0.40207671379274074,0.03823910284622216
1,1.00,0.41479365421380876,0.03818332554267242
Overall,1.00,0.40613983531427084,0.03867852856541282
