,pval_sig,mean,std
0,1.00,0.5241231333506626,0.038410536598315545
1,1.00,0.5117342968670874,0.04028031515624915
Overall,1.00,0.5198349849950474,0.039509921943395566
