,pval_sig,mean,std
0,1.00,0.459221381947182,0.041743490815258
1,1.00,0.47304817979490005,0.041221305493289076
Overall,1.00,0.46290282038341646,0.04205155913187905
