,pval_sig,mean,std
0,1.00,0.7481279225482642,0.018001212833819846
1,1.00,0.7530678341673025,0.01679226259528941
Overall,1.00,0.7496634244880519,0.017781908494814584
