,pval_sig,mean,std
0,1.00,0.4712445563137241,0.032041532855312506
1,1.00,0.48492154569614027,0.035266947724567746
Overall,1.00,0.47415363024585705,0.033228915748291565
