,pval_sig,mean,std
0,0.99,0.16454242177656364,0.054076481059703925
1,1.00,0.24382824990797136,0.042567947055123685
Overall,1.00,0.1752397160482615,0.059227645479526934
