,pval_sig,mean,std
0,1.00,0.30204885939243226,0.048472768259517435
1,1.00,0.25532950530460463,0.046563499741759364
Overall,1.00,0.28736563382197217,0.052564017145315764
