,pval_sig,mean,std
0,1.00,0.6132023319490946,0.05396046404221588
1,1.00,0.5884754055990218,0.04398714783077705
Overall,1.00,0.6068832285485205,0.05271062488710189
