,pval_sig,mean,std
0,1.00,0.3098532534194748,0.0845035545381713
1,1.00,0.4511536720487447,0.03712205760972813
Overall,1.00,0.345066214887404,0.0971616026646476
