,pval_sig,mean,std
0,1.00,0.558663057808265,0.03634768699499958
1,1.00,0.5591032691640729,0.04170234238092415
Overall,1.00,0.5587517988276105,0.037489133416392616
