,pval_sig,mean,std
0,1.00,0.6743390523107471,0.04938811673383699
1,1.00,0.6751670329830515,0.05138812462721756
Overall,1.00,0.6747505716302005,0.05039377523112153
