,pval_sig,mean,std
0,1.00,0.4368712178015783,0.0501379992152661
1,1.00,0.4678067842183975,0.05348833642939615
Overall,1.00,0.45157910532435896,0.054014417341185374
