,pval_sig,mean,std
0,0.62,0.12158343643982136,0.059138461215455504
1,0.61,0.1231129551328838,0.06645018883672817
Overall,0.62,0.12227410753010001,0.0625507149658477
