,pval_sig,mean,std
0,0.93,0.2129278789012852,0.06738424876239148
1,0.77,,
Overall,0.84,,
