,pval_sig,mean,std
0,1.00,0.3603889809375653,0.06603997969950945
1,0.99,0.33217589963068583,0.0654229729789645
Overall,0.99,0.3458096315294418,0.0672170644748633
