,pval_sig,mean,std
0,1.00,0.4420210414181323,0.056513430598913596
1,1.00,0.4319229064566083,0.06479248295959349
Overall,1.00,0.4371574309614571,0.06085171421812098
