,pval_sig,mean,std
0,0.94,0.16115969850029457,0.09706101898439962
1,1.00,0.23676286935369192,0.0683783791756084
Overall,0.95,0.17163368942456875,0.09718849223444541
