,pval_sig,mean,std
0,0.87,0.12495362143551282,0.08692197487823838
1,1.00,0.2924959765055739,0.0484415353173498
Overall,0.88,0.14647669475685568,0.1001452284649941
