,pval_sig,mean,std
0,1.00,0.24980101248506684,0.07178640391194001
1,1.00,0.40436018974070703,0.09882920905606768
Overall,1.00,0.28055712080545875,0.099393785266883
