,pval_sig,mean,std
0,1.00,0.3695724552383202,0.04917629101033471
1,1.00,0.4496077639791666,0.0499105276215125
Overall,1.00,0.3855996770138802,0.05881112447892425
