,pval_sig,mean,std
0,1.00,0.5721613435638974,0.052428202227348036
1,1.00,0.5910344497270968,0.057672025933845295
Overall,1.00,0.5761308759684998,0.05412308529977629
