,pval_sig,mean,std
0,0.99,0.17521154001408615,0.055495818676629734
1,0.99,0.27747717508183406,0.06411581723026076
Overall,0.99,0.19813758918544527,0.07162312340783782
