,pval_sig,mean,std
0,0.98,0.18185813570514986,0.05159404017670499
1,1.00,0.25425250351579254,0.05985028220087817
Overall,0.98,0.19952236145094668,0.06207429196490386
