,pval_sig,mean,std
0,1.00,0.7384419459585645,0.025718605894879225
1,1.00,0.7417438799245629,0.024814075065538718
Overall,1.00,0.7392826183463076,0.025531910492117997
