,pval_sig,mean,std
0,1.00,0.4550023775941471,0.04285803118232357
1,1.00,0.4390672045768001,0.04811820604648834
Overall,1.00,0.4512448637966567,0.044670021999435205
