,pval_sig,mean,std
0,1.00,0.2573497472569452,0.049180054730741746
1,1.00,0.29277410341899435,0.05652207589466512
Overall,1.00,0.2709243605382424,0.054887781654609384
