,pval_sig,mean,std
0,1.00,0.31786329861683893,0.052877300120308064
1,1.00,0.32613434335934305,0.05736952686819197
Overall,1.00,0.3202453595026801,0.05433847499419499
