,pval_sig,mean,std
0,0.98,0.2344448883399234,0.07071605259160371
1,0.99,0.2603500806469279,0.07350976987597095
Overall,0.98,0.24016475480131003,0.07214695808882714
