,pval_sig,mean,std
Overall,1.00,0.23633348858796224,0.0635907639943198
