,pval_sig,mean,std
Overall,1.00,0.4172014615447437,0.04372525083011039
