,pval_sig,mean,std
Overall,1.00,0.38113027775561453,0.08929724686134112
