,pval_sig,mean,std
Overall,1.00,0.8757873621715196,0.023126709688805928
