,pval_sig,mean,std
Overall,1.00,0.864903999024085,0.010427091179806511
