,pval_sig,mean,std
Overall,1.00,0.32060935583414546,0.04456957117866475
