,pval_sig,mean,std
0,1.00,0.37662861927356317,0.04305684480980483
1,1.00,0.39212612075595693,0.04217540914984275
Overall,1.00,0.38130266572065313,0.04337998374050056
