,pval_sig,mean,std
0,0.93,0.15356590734724399,0.05164676911662597
1,0.96,0.1947292344768489,0.06172805676170694
Overall,0.94,0.16756143857130967,0.05861931707844983
