,pval_sig,mean,std
0,1.00,0.3490997995403728,0.05277122851618425
1,1.00,0.3755170425100659,0.052670586320092506
Overall,1.00,0.35826129940226237,0.054214489223279615
