,pval_sig,mean,std
0,0.98,0.1939789905780095,0.05761143367242656
1,1.00,0.24946480887937578,0.05807621882302533
Overall,0.99,0.2137319418932959,0.0635928373104047
