,pval_sig,mean,std
0,1.00,0.3580907877224677,0.05003667093487911
1,1.00,0.3536185963684952,0.04705095776527168
Overall,1.00,0.35705502820488766,0.0493972926105892
