,pval_sig,mean,std
0,1.00,0.6196431348203825,0.035258463620576296
1,1.00,0.6248049666156382,0.03793521361768953
Overall,1.00,0.6203957298961308,0.0357077433351708
