,pval_sig,mean,std
0,0.31,0.27558248226859655,0.22150652932053855
1,0.29,0.2678869234766857,0.22154057908901495
2,0.30,0.2688877141084445,0.22157847624723687
Overall,0.30,0.27061002626852393,0.22156718740136663
