,pval_sig,mean,std
0,0.10,0.11283822467174988,0.23365172422224106
1,0.11,0.1194837425808782,0.23796557647100078
2,0.11,0.11412224625969863,0.23149964175345908
