,pval_sig,mean,std
0,0.36,0.30590283993916534,0.22633883473173136
1,0.38,0.32619025736474777,0.20881753745249876
2,0.36,0.3071349838690232,0.21427763065378536
Overall,0.37,0.3137637517096388,0.21644461374814597
