,pval_sig,mean,std
0,0.22,0.19912261218037275,0.2435699854024955
1,0.31,0.2817258051435828,0.2197068151934159
2,0.21,0.21266374960966714,0.2368398226530752
