,pval_sig,mean,std
0,0.10,0.11283822467174988,0.23365172422224106
1,0.11,0.11948817745119648,0.2379730579424064
2,0.11,0.11412224625969863,0.23149964175345908
Overall,0.11,0.115709209655912,0.23463354347570328
