,pval_sig,mean,std
0,0.73,0.518361448522651,0.17995154054344312
1,0.68,0.48925996063961025,0.1772076156109247
2,0.70,0.49500641727694616,0.18707717930191958
Overall,0.70,0.5002501300036313,0.18155957292353858
