,pval_sig,mean,std
0,0.80,0.5875278774577946,0.18097530184993074
1,0.80,0.5846595467661362,0.18583915218328834
2,0.80,0.5735872196451615,0.18845595013542185
Overall,0.80,0.5822013721140598,0.1851627455707603
