,pval_sig,mean,std
0,0.20,0.20212163629636248,0.19178872910804268
1,0.32,0.28415821062828994,0.19125634900688832
