,pval_sig,mean,std
0,0.09,0.08519793236173037,0.19479826669958578
1,0.08,0.06007839676027251,0.2149669666302436
Overall,0.09,0.07346092036475935,0.2048535122303366
