,pval_sig,mean,std
0,0.59,0.3901091149589378,0.21209087329233647
1,0.37,0.2832910184431151,0.20814999523360292
Overall,0.50,0.34725802928418464,0.21693138788962515
