,pval_sig,mean,std
0,0.75,0.4784889726783145,0.16919440852362716
1,0.75,0.4755672429969008,0.16509768967309452
Overall,0.75,0.47699677334537216,0.16712104370938957
