,pval_sig,mean,std
0,0.87,0.6111675308122162,0.19729221275345749
1,0.83,0.5996140856459014,0.20556132302871158
