,pval_sig,mean,std
0,0.96,0.7274756461041563,0.12983641619888434
1,0.97,0.723438938297482,0.11651796782427168
Overall,0.97,0.726304677746945,0.12613120623945423
