,pval_sig,mean,std
0,0.71,0.4301357745530803,0.1799829584213051
1,0.76,0.4367884284470345,0.16001900928880125
Overall,0.72,0.43182354461688727,0.17515762332877793
