,pval_sig,mean,std
0,0.13,-0.12313255460256012,0.18913658605659409
1,0.24,0.22562026297088145,0.18822316943347303
Overall,0.15,-0.04759623005900365,0.2373515583145116
