,pval_sig,mean,std
0,0.07,0.08987688156808889,0.18102913848030253
1,0.41,,
