,pval_sig,mean,std
0,0.76,0.46917796990561406,0.1762257699186143
1,0.85,0.49276460859218923,0.15421700268638547
