,pval_sig,mean,std
0,0.28,-0.19156140284628848,0.23728731452215585
1,0.23,0.193509008418141,0.17679113093564533
Overall,0.27,-0.1162844803434677,0.273365223123776
