,pval_sig,mean,std
0,0.56,-0.14707002039567305,0.18439114089707534
1,0.44,0.10389670402548608,0.2182062420741729
