,pval_sig,mean,std
0,0.31,0.08119120297644912,0.15315343184703079
1,0.48,0.13118094502017155,0.15584829103682257
