,pval_sig,mean,std
0,0.38,0.1251616019284755,0.1410401739897871
1,0.83,,
