,pval_sig,mean,std
0,0.25,-0.0531844730040265,0.14763296868924858
1,0.68,0.2366513075464155,0.17403623797437934
