,pval_sig,mean,std
0,0.90,0.43081401330612956,0.1696041886523522
1,0.89,0.3136625208040882,0.12292433188387039
