,pval_sig,mean,std
0,1.00,0.7707666729010108,0.07597021033336879
1,1.00,0.7463063975525531,0.07268708154854372
