,pval_sig,mean,std
0,0.00,0.3059507537392253,0.06033930111950667
1,0.00,0.30351473149780855,0.05776203590067105
