,pval_sig,mean,std
0,0.00,0.2425202192939286,0.05428498616419627
1,0.00,0.265861424130605,0.049272429170048655
