,pval_sig,mean,std
0,0.00,0.17034876806806387,0.05069813664841937
1,0.00,0.19082539077436783,0.05386492741886503
