,pval_sig,mean,std
0,0.00,0.3662420488802333,0.06808192421783647
1,0.00,0.3292727434705159,0.07663255755281255
