,pval_sig,mean,std
0,0.00,0.321036602155554,0.06575753846013421
1,0.00,0.29062778429199376,0.06445661497339808
