,pval_sig,mean,std
0,0.90,0.3967556784454438,0.11316880337134456
1,0.89,0.3736459127445311,0.10924524295816132
