,pval_sig,mean,std
0,0.00,0.10907765124111357,0.03647825007063082
1,0.00,0.12040699450385138,0.03345530965752377
