,pval_sig,mean,std
0,0.20,0.12893210562333163,0.13678470169624907
1,0.24,0.13112779019225176,0.14589745152504438
