,pval_sig,mean,std
0,0.91,0.38373519888890495,0.11236145133945519
1,0.96,0.45228781460059897,0.11073735056736972
