,pval_sig,mean,std
0,1.00,0.4568738345450352,0.050401935274202614
1,1.00,0.46612081547521594,0.05344829909608678
