,pval_sig,mean,std
0,1.00,0.808424393452754,0.013129746662962032
1,1.00,0.8081610760148106,0.014042111382650085
