,pval_sig,mean,std
Overall,0.81,0.40795878976822175,0.13719140407605052
