,pval_sig,mean,std
Overall,0.40,0.19232403816610708,0.18286568119444513
