,pval_sig,mean,std
Overall,0.59,0.16629737262956398,0.07935409080496951
