,pval_sig,mean,std
Overall,0.96,0.3738262878618099,0.111693672544089
