,pval_sig,mean,std
Overall,0.16,0.13251767186605695,0.1264732912802945
