,pval_sig,mean,std
Overall,0.46,0.2294297319542322,0.19131046003993357
