,pval_sig,mean,std
Overall,0.51,0.24474482598708108,0.14103664682814832
