,pval_sig,mean,std
Overall,0.64,0.2896443834248793,0.13214450748650453
