,pval_sig,mean,std
Overall,0.99,0.5735087068599359,0.14507527911711016
