,pval_sig,mean,std
Overall,0.89,0.5793394203682358,0.2039256337924086
