,pval_sig,mean,std
Overall,1.00,0.842071177496179,0.09310583182161555
