,pval_sig,mean,std
Overall,0.05,0.05299466699399656,0.14128383803512948
