,pval_sig,mean,std
Overall,0.93,0.3034467024527761,0.11265136476462562
