,pval_sig,mean,std
Overall,1.00,0.7574270659836758,0.11935477656072752
