,pval_sig,mean,std
Overall,0.99,0.6893582264512195,0.13839906817378297
