,pval_sig,mean,std
9,1.00,0.6776927560682566,0.057286147240853506
