,pval_sig,mean,std
Overall,0.92,0.5129412961426406,0.13167403184600068
