,pval_sig,mean,std
Overall,0.16,0.10033253496302236,0.13391113524301365
