,pval_sig,mean,std
Overall,0.96,0.22789598555701984,0.06272829938065873
