,pval_sig,mean,std
Overall,0.57,0.17247949031537685,0.11858586331699604
