,pval_sig,mean,std
Overall,0.97,0.6594039013215827,0.1743778124836009
