,pval_sig,mean,std
Overall,0.78,0.13111381441930017,0.12325517785355355
