,pval_sig,mean,std
Overall,0.97,0.20610457319405692,0.08363467121940525
