,pval_sig,mean,std
Overall,0.93,0.19102433695671336,0.09305024095522986
