,pval_sig,mean,std
Overall,1.00,0.6273986107546865,0.05463572356179814
