,pval_sig,mean,std
Overall,1.00,0.5013327584339594,0.10448411911527293
