,pval_sig,mean,std
Overall,1.00,0.45016856820784806,0.09568390313546964
