,pval_sig,mean,std
0,1.00,0.4228736745416154,0.045024833735138346
1,1.00,0.4026236326142636,0.051955844343053316
