,pval_sig,mean,std
0,1.00,0.6122010471641458,0.026369460653438127
1,1.00,0.6088249875542628,0.024986867771857022
