,pval_sig,mean,std
0,1.00,0.6842295199212151,0.01760172545500966
1,1.00,0.684208336157142,0.017034787469612327
