,pval_sig,mean,std
0,1.00,0.3473578124282635,0.07650263446535838
1,1.00,0.3165603233558145,0.07921669425936702
