,pval_sig,mean,std
Overall,0.95,0.19099774644261017,0.07979719122766421
