,pval_sig,mean,std
Overall,0.94,0.28130463452740323,0.08883656998247948
