,pval_sig,mean,std
0,0.99,0.36043212568182814,0.08884136411088532
1,0.98,0.3426294628761926,0.08693163123982041
