,pval_sig,mean,std
0,0.41,0.33024322274705925,0.21954713050279473
1,0.52,0.38982162253175806,0.19563415784992363
2,0.46,0.3575956064567333,0.21191254445159638
