,pval_sig,mean,std
0,1.00,0.3603805256665362,0.060511856774264385
1,1.00,0.3069268685260791,0.06938258757899414
