,pval_sig,mean,std
0,1.00,0.47526410873739444,0.052970644274831516
1,1.00,0.500198456954539,0.05610641441067058
