,pval_sig,mean,std
Overall,0.70,0.3226483263110541,0.15691813342298405
