,pval_sig,mean,std
0,0.61,0.1750782750749095,0.16659889179543966
1,0.47,0.10857818565449866,0.18839623163170194
