,pval_sig,mean,std
0,0.42,0.309566022971186,0.20004407416757214
1,0.52,0.365202883334311,0.20100395893381923
