,pval_sig,mean,std
0,0.77,0.4566255982402357,0.1674928685167205
1,0.85,0.4863865266469515,0.15583955335626856
