,pval_sig,mean,std
0,0.89,0.40683710402952716,0.12385580554387259
1,0.92,0.40485104212587636,0.1134273914721748
