,pval_sig,mean,std
Overall,0.78,0.2541340088529211,0.12018525154715216
