,pval_sig,mean,std
0,1.00,0.35269239825581133,0.05245875119369699
1,1.00,0.4072863418108023,0.07582709693443065
