,pval_sig,mean,std
0,1.00,0.2545130046731374,0.04540708301267234
1,1.00,0.2887092472872416,0.04866177055445141
