,pval_sig,mean,std
0,0.90,0.08538048397302325,0.10328635818839758
1,1.00,0.258642296819684,0.06359671335191794
