,pval_sig,mean,std
0,1.00,0.24151313278071776,0.06722060884953839
1,1.00,0.3264567732191529,0.0854740466445337
