,pval_sig,mean,std
0,0.92,0.19787521214542003,0.05926102483297525
1,0.93,0.2190686505400963,0.06276487023668204
