,pval_sig,mean,std
0,1.00,0.33794278083497725,0.06231266658332514
1,0.98,,
