,pval_sig,mean,std
0,1.00,0.3382833395021258,0.05130570848713336
1,1.00,0.40191691564659915,0.05764226255480541
