,pval_sig,mean,std
0,1.00,0.37156954426283056,0.07049679080691679
1,0.99,0.36812513612883324,0.07687187949871058
