,pval_sig,mean,std
0,1.00,0.49025815545021173,0.04942462634915568
1,1.00,0.4960246499266056,0.0537394051543368
