,pval_sig,mean,std
0,1.00,0.4309566947170228,0.060694875133598905
1,0.99,,
