,pval_sig,mean,std
0,1.00,0.6653631993393724,0.0500451939122038
1,1.00,0.6603890062147205,0.05316338659959233
