,pval_sig,mean,std
0,0.99,0.35210619306833674,0.08306879392906862
1,0.99,0.3576666708707509,0.08961121300416224
