,pval_sig,mean,std
0,1.00,0.38202143905500396,0.06611877621800168
1,0.99,0.3741416226636391,0.06623258657771848
