,pval_sig,mean,std
0,1.00,0.560719301510873,0.047081110024452415
1,1.00,,
