,pval_sig,mean,std
0,1.00,0.26400144236016654,0.04819263283866562
1,1.00,0.3058024274383231,0.04497088784833303
