,pval_sig,mean,std
0,1.00,0.6502187769012033,0.051623501232525786
1,1.00,0.6009067073538433,0.057823397694143096
