,pval_sig,mean,std
0,0.99,0.24658836603123974,0.05109202237580726
1,1.00,0.3456880775684933,0.07044707405891902
