,pval_sig,mean,std
0,1.00,0.23459887690788547,0.058150512386037495
1,1.00,0.31004111956870106,0.08059931675011549
