,pval_sig,mean,std
0,1.00,0.3427242172126909,0.03615040260684124
1,1.00,0.3494651230147968,0.03504148592532094
