,pval_sig,mean,std
0,1.00,0.7580899027397319,0.01932466460885578
1,1.00,0.7610591708465236,0.019443438895010507
