,pval_sig,mean,std
0,0.98,0.18763457434777636,0.05352000887861307
1,0.99,0.2774201058669687,0.07239165753766487
