,pval_sig,mean,std
0,1.00,0.3262629870597894,0.05325711345138081
1,1.00,0.34769269625303884,0.057335575111032135
