,pval_sig,mean,std
Overall,1.00,0.8489732525921728,0.012527172030829958
