,pval_sig,mean,std
Overall,1.00,0.3089280268246649,0.04255733063672937
