,pval_sig,mean,std
0,1.00,0.36591292198760106,0.04210414356195003
1,1.00,0.38675047257325335,0.04292659243720274
