,pval_sig,mean,std
0,0.74,0.10099278175026387,0.08122459702217179
1,0.93,0.15160396189732406,0.08181242446619537
