,pval_sig,mean,std
0,1.00,0.36536011797900353,0.04257115841861657
1,1.00,0.3819817226840839,0.04532529586668923
