,pval_sig,mean,std
0,0.32,0.27526749066680006,0.22682801285661203
1,0.47,0.3725810796643855,0.2134968420101438
2,0.40,0.3356556322376613,0.2177260586731859
