,pval_sig,mean,std
0,0.46,0.360133351432986,0.2164265330263608
1,0.57,0.41606654061376824,0.19105295597708422
2,0.52,0.398573084633332,0.20332006079656426
