,pval_sig,mean,std
0,0.18,0.1985770362975458,0.2045144408786738
1,0.22,0.23561033899926714,0.20070863916605045
2,0.25,0.25483371416126777,0.19156018682098253
