,pval_sig,mean,std
0,0.76,0.5387305608709557,0.19721071867494672
1,0.84,0.5943328764129674,0.17566163507885404
2,0.75,0.531650839852202,0.18913354875044078
