,pval_sig,mean,std
0,0.77,0.5393139246167828,0.1719619953248871
1,0.80,0.55259974313602,0.16841873955424133
2,0.74,0.5214465960314622,0.1741601932644504
