,pval_sig,mean,std
0,0.14,0.14952411544773506,0.22083802114196577
1,0.13,0.17515743355765953,0.20570329653871722
2,0.14,0.16743817127210936,0.21774589642197845
