,pval_sig,mean,std
0,0.00,0.304945442520531,0.10604543664616824
1,0.00,0.3583544907784425,0.10407499761680146
