,pval_sig,mean,std
0,0.58,0.3880150204806937,0.20344740211111853
1,0.52,0.35657048906482,0.19400436500049612
