,pval_sig,mean,std
0,0.87,0.6211999254514702,0.2057874181589002
1,0.86,0.618061933365725,0.19122035124727177
