,pval_sig,mean,std
0,0.55,0.3857134665923391,0.2086002232407258
1,0.55,0.3785465592039298,0.19517466363077518
