,pval_sig,mean,std
0,0.00,0.26075551366084276,0.08459720426181358
1,0.00,0.2622163785015496,0.08254884483654726
