,pval_sig,mean,std
0,0.00,0.39893918185181876,0.09589436455402134
1,0.00,0.35792089468585503,0.09562817450344416
