,pval_sig,mean,std
0,0.00,0.3283759393934475,0.1056999811970708
1,0.00,0.31815206335980967,0.10480139199632559
