,pval_sig,mean,std
0,0.50,0.3654998315347908,0.20395522649831732
1,0.41,0.31393497010632077,0.20952811668626733
