,pval_sig,mean,std
0,0.00,0.1944162345938919,0.09864610637672874
1,0.00,0.20019295717704932,0.10278066151435579
