,pval_sig,mean,std
0,0.00,0.45740103381913483,0.09739913334979289
1,0.00,0.46996080161986376,0.1074834833151218
