,pval_sig,mean,std
0,0.43,0.3372030757376518,0.18858058265530073
1,0.38,0.28580386687784676,0.18713717013135087
