,pval_sig,mean,std
0,0.48,0.34324812121310494,0.2113999623941416
1,0.49,0.3636958732803806,0.20960278399265117
