,pval_sig,mean,std
0,0.81,0.48016834619230975,0.15400810300487242
1,0.86,0.5169279482021428,0.13869648119368655
