,pval_sig,mean,std
0,0.07,0.08986744547830941,0.1810386197672458
1,0.41,,
