,pval_sig,mean,std
0,0.22,-0.1189874309816561,0.25485511373173025
1,0.29,0.2187438813544427,0.17605124407144987
