,pval_sig,mean,std
0,0.71,0.4301308505505173,0.17997930093801728
1,0.76,0.43680766903598645,0.16003585050644153
