,pval_sig,mean,std
0,0.74,0.4484057507237223,0.16689239302886477
1,0.77,0.4529752291761229,0.16098430389482457
