,pval_sig,mean,std
0,0.14,0.13374630003141305,0.19001555531122558
1,0.37,0.26263251572115975,0.17826342224377456
