,pval_sig,mean,std
Overall,0.97,-0.14951147435553028,0.20385390183928143
