,pval_sig,mean,std
Overall,0.85,0.31640308044145626,0.3269985373786775
