,pval_sig,mean,std
Overall,0.98,0.10237369629802268,0.18688415531435598
