,pval_sig,mean,std
Overall,1.00,0.36747363021879315,0.21860323783182542
