,pval_sig,mean,std
Overall,0.99,0.4035390101123568,0.25255994197347853
