,pval_sig,mean,std
Overall,0.86,-0.19378194083258884,0.2234313716060023
