,pval_sig,mean,std
Overall,1.00,0.22303555931190325,0.17551003178988211
