,pval_sig,mean,std
Overall,0.94,-0.0295235587411572,0.15671762172646436
