,pval_sig,mean,std
Overall,0.94,-0.27610098185922793,0.18022651919169508
