,pval_sig,mean,std
Overall,0.95,0.151584887387093,0.2279933193223908
