,pval_sig,mean,std
Overall,0.86,0.030185171292659796,0.22719855659389476
