,pval_sig,mean,std
Overall,1.00,-0.19038509908087362,0.06430816234273147
