,pval_sig,mean,std
Overall,1.00,0.16859133368858678,0.0713682976895226
