,pval_sig,mean,std
Overall,1.00,-0.06951799508568411,0.08450120947505013
