,pval_sig,mean,std
Overall,1.00,-0.14272955605922674,0.03041472345137446
