,pval_sig,mean,std
Overall,1.00,0.21531997184749685,0.05228362914300027
