,pval_sig,mean,std
Overall,1.00,0.5103931131358348,0.1352844641194133
