,pval_sig,mean,std
Overall,0.97,0.4534502681301968,0.23645209701488532
