,pval_sig,mean,std
Overall,1.00,-0.06108069032307247,0.09933322574931279
