,pval_sig,mean,std
Overall,0.99,0.2599549784780797,0.13321377862714623
