,pval_sig,mean,std
Overall,0.97,0.37966933428902633,0.19621508868222132
