,pval_sig,mean,std
Overall,0.93,0.11039204417763288,0.13668968197397488
