,pval_sig,mean,std
Overall,0.97,0.3796960593801156,0.19619747464175763
