,pval_sig,mean,std
Overall,0.99,0.25995495032451604,0.13321387220405595
