,pval_sig,mean,std
Overall,0.79,0.0590296612062776,0.21931813542939632
