,pval_sig,mean,std
Overall,0.99,-0.029536124352401615,0.11118553057169235
