,pval_sig,mean,std
Overall,0.79,0.05901634678468319,0.2193167827878472
