,pval_sig,mean,std
Overall,1.00,0.5104047956024866,0.1352874937619367
