,pval_sig,mean,std
Overall,1.00,0.2851583248309444,0.08406629257119977
