,pval_sig,mean,std
Overall,0.93,0.11039203033229908,0.1366896814084307
