,pval_sig,mean,std
Overall,0.99,-0.20340203746388102,0.07696112602351243
