,pval_sig,mean,std
Overall,0.92,0.2478435882323572,0.2351082934477529
