,pval_sig,mean,std
Overall,1.00,0.28517542434531146,0.08406528364430113
