,pval_sig,mean,std
Overall,0.97,0.4534502759278025,0.2364520943296567
