,pval_sig,mean,std
Overall,1.00,0.26133986604975346,0.11909014378981596
