,pval_sig,mean,std
Overall,0.99,0.1939891102420875,0.1043037404997169
