,pval_sig,mean,std
Overall,1.00,0.2612327969337091,0.119164184225091
