,pval_sig,mean,std
Overall,0.85,-0.023640407744991928,0.1427004026429023
