,pval_sig,mean,std
Overall,0.99,0.1939890076935826,0.10427916520692272
