,pval_sig,mean,std
Overall,1.00,-0.024355477423768812,0.060209638484538336
