,pval_sig,mean,std
Overall,0.99,0.09584472866639833,0.10396221735211135
