,pval_sig,mean,std
Overall,0.98,-0.06874813598289425,0.08379549204932259
