,pval_sig,mean,std
Overall,0.99,-0.02607921049476496,0.14306538550822936
