,pval_sig,mean,std
Overall,0.99,0.09584473070202576,0.10396220611145116
