,pval_sig,mean,std
Overall,1.00,0.3181318297930316,0.08193546026406827
