,pval_sig,mean,std
Overall,1.00,0.03927927918849708,0.07028487803174685
