,pval_sig,mean,std
Overall,1.00,0.06959105931156051,0.09529418924433473
