,pval_sig,mean,std
Overall,1.00,0.23394039190984947,0.11477541617285203
