,pval_sig,mean,std
Overall,1.00,0.3729294828387866,0.07513762176850096
