,pval_sig,mean,std
Overall,1.00,0.318131813033144,0.08193544052540527
