,pval_sig,mean,std
Overall,1.00,0.30561089674001335,0.08343905644558444
