,pval_sig,mean,std
Overall,1.00,0.37292955468602856,0.07513763569121173
