,pval_sig,mean,std
Overall,1.00,0.3056109180384446,0.08343907565479483
