,pval_sig,mean,std
Overall,1.00,0.23394036857469114,0.11477541318343408
