,pval_sig,mean,std
Overall,1.00,-0.12744210976861658,0.06000110800389866
