,pval_sig,mean,std
Overall,1.00,-0.08891774581081534,0.02932167072016038
