,pval_sig,mean,std
Overall,1.00,0.028070872579466832,0.08340609790766067
