,pval_sig,mean,std
Overall,1.00,0.08885184540181307,0.07543693341507965
