,pval_sig,mean,std
Overall,1.00,0.03409892457110797,0.10340855877659352
