,pval_sig,mean,std
Overall,1.00,0.04735849697385216,0.05331644936877274
