,pval_sig,mean,std
Overall,1.00,0.08939309709943012,0.14996412147414195
