,pval_sig,mean,std
Overall,1.00,0.08150836139911792,0.03509197070628703
