,pval_sig,mean,std
Overall,0.98,-0.10043271109807561,0.30181607964869334
