,pval_sig,mean,std
Overall,1.00,0.3188960510106507,0.10202263511272543
