,pval_sig,mean,std
Overall,1.00,0.1961685978438439,0.09072902645866046
