,pval_sig,mean,std
Overall,1.00,0.14123014022094205,0.07936827180408923
