,pval_sig,mean,std
Overall,1.00,0.07971787293078092,0.11352636573693292
