,pval_sig,mean,std
Overall,1.00,0.0615453825447182,0.08477513498409055
