,pval_sig,mean,std
Overall,1.00,0.4799539505742567,0.16190594687244564
