,pval_sig,mean,std
Overall,1.00,0.2494261285894045,0.12564217805543554
