,pval_sig,mean,std
Overall,1.00,-0.035329374735507645,0.1879979759339459
