,pval_sig,mean,std
Overall,1.00,0.18763954149243153,0.1565304432226146
