,pval_sig,mean,std
Overall,0.99,0.2628600920069553,0.14084832267690553
