,pval_sig,mean,std
Overall,1.00,0.190450960404828,0.1283004429548805
