,pval_sig,mean,std
Overall,1.00,-0.12467773461225452,0.1464131032169834
