,pval_sig,mean,std
Overall,1.00,0.04109580759204736,0.13559361622275273
