,pval_sig,mean,std
Overall,1.00,0.041036008443534465,0.09623808007014964
