,pval_sig,mean,std
Overall,1.00,0.33196178082963984,0.04795299699497832
