,pval_sig,mean,std
Overall,1.00,0.2747933144752732,0.07667472874513233
