,pval_sig,mean,std
Overall,1.00,-0.011501126763668018,0.03739331337680214
