,pval_sig,mean,std
Overall,1.00,-0.05627667158456141,0.05876089546449004
