,pval_sig,mean,std
Overall,0.85,0.004441891002110904,0.22119852890666164
