,pval_sig,mean,std
Overall,0.71,-0.06611013889865339,0.22380661184228187
