,pval_sig,mean,std
Overall,0.77,0.1940830483785329,0.2840586740210525
