,pval_sig,mean,std
Overall,0.53,-0.07357298875754616,0.2651121061571986
