,pval_sig,mean,std
Overall,0.77,0.19408469971766404,0.28405660421188494
