,pval_sig,mean,std
Overall,0.66,0.02332420264036893,0.26574725213513123
