,pval_sig,mean,std
Overall,0.75,0.10489966665377909,0.2772327487126348
