,pval_sig,mean,std
Overall,0.93,0.3955572506940086,0.3041282861977603
