,pval_sig,mean,std
Overall,1.00,0.634309928443262,0.2540595107772842
