,pval_sig,mean,std
Overall,0.82,0.010874283813103073,0.2288974166467627
