,pval_sig,mean,std
Overall,0.79,-0.04776814887780869,0.2638536667798285
