,pval_sig,mean,std
Overall,0.96,0.3047149123172195,0.2779471134757847
