,pval_sig,mean,std
Overall,0.91,0.3135398198795664,0.3323684135781214
