,pval_sig,mean,std
Overall,0.84,0.558426622244615,0.29321209181902613
