,pval_sig,mean,std
Overall,0.77,-0.13858481583451024,0.2998588274605767
