,pval_sig,mean,std
Overall,0.83,0.0260289168533594,0.23331818093247483
