,pval_sig,mean,std
Overall,0.81,0.009678693875127,0.2731024747765681
