,pval_sig,mean,std
Overall,0.88,0.6138668392657403,0.24552725912919665
