,pval_sig,mean,std
0,0.76,-0.2804231951279972,0.11310609096786424
1,0.69,-0.17013245330274118,0.2622675863859483
