,pval_sig,mean,std
0,0.88,0.4146902652254844,0.15859008465054192
1,0.87,0.31037639783620646,0.1316359061587519
