,pval_sig,mean,std
0,0.81,0.37174217528074294,0.153043091804298
1,0.99,0.5509303120841657,0.10973582023655591
