,pval_sig,mean,std
0,0.92,0.44006660226777755,0.13548898748223884
1,0.98,0.5458599954888358,0.12834463848231373
