,pval_sig,mean,std
0,0.67,0.2917534340913607,0.12436228588221104
1,0.65,0.28289519667774565,0.12197589184916588
