,pval_sig,mean,std
0,0.10,0.08493265676814488,0.12593336973471453
1,0.17,0.11494467190745315,0.12502115716811757
