,pval_sig,mean,std
0,1.00,0.7073182019012582,0.024195628163050393
1,1.00,0.6309465030210769,0.04771480163605934
