,pval_sig,mean,std
0,1.00,0.22216463905674552,0.04848548627363553
1,1.00,0.24789646878421698,0.07309557341696028
