,pval_sig,mean,std
0,1.00,0.7593191546421881,0.04385352790106233
1,1.00,0.7447345419250594,0.07774538112023138
