,pval_sig,mean,std
0,1.00,0.4767250519386738,0.04720416272166848
1,1.00,0.4405587054569928,0.07159005037672043
