,pval_sig,mean,std
Overall,1.00,0.8215483316044466,0.08418517690612622
