,pval_sig,mean,std
15,1.00,0.798207359837973,0.0683524669336323
