,pval_sig,mean,std
Overall,0.91,0.3585071107926061,0.13317458802865406
