,pval_sig,mean,std
Overall,0.89,0.1717228123894407,0.061788050119914444
