,pval_sig,mean,std
Overall,0.96,0.43419304785556345,0.12542373169035653
