,pval_sig,mean,std
Overall,1.00,0.8355442760504768,0.06441749221069115
