,pval_sig,mean,std
Overall,0.05,-0.017195433671022182,0.04096277939511065
