,pval_sig,mean,std
Overall,1.00,0.7753428742866565,0.058389473293707
