,pval_sig,mean,std
Overall,0.40,0.10570601698776276,0.13057710674155257
