,pval_sig,mean,std
Overall,0.85,0.43011073682121753,0.11378397370304139
