,pval_sig,mean,std
Overall,0.87,0.2765477365253441,0.08873626376949503
