,pval_sig,mean,std
Overall,1.00,0.9069649545638387,0.05349561250586431
