,pval_sig,mean,std
Overall,0.98,0.20827236157113932,0.08118125823828763
