,pval_sig,mean,std
Overall,0.86,0.1691614587909675,0.1325851133337744
