,pval_sig,mean,std
Overall,0.96,0.191585902631146,0.06571604825780121
