,pval_sig,mean,std
Overall,1.00,0.5858593109748927,0.09178951719809396
