,pval_sig,mean,std
0,1.00,0.7567291448648896,0.03767099528802654
1,1.00,0.7614923351241011,0.03793667961600186
