,pval_sig,mean,std
0,0.93,0.08092234111604064,0.03701472402478392
1,0.92,0.1200762090001308,0.07104400274680009
