,pval_sig,mean,std
0,0.67,0.1418036836574989,0.0963161503191555
1,0.79,0.17968808975634804,0.08497084372331183
