,pval_sig,mean,std
0,0.99,0.36024384979737606,0.0831483367495709
1,1.00,0.5326847186611336,0.08265814316732219
