,pval_sig,mean,std
0,1.00,0.40022844655073625,0.05945367565801979
1,1.00,,
