,pval_sig,mean,std
0,0.99,0.30296044043826353,0.07193743857727342
1,0.98,0.30780726621623883,0.07217874684802325
