,pval_sig,mean,std
0,0.98,0.25599433133686283,0.0513644841634509
1,0.98,0.2769305702941293,0.056255311542458955
