,pval_sig,mean,std
0,0.32,0.28416556984081287,0.19469386787312043
1,0.26,0.25069676137077296,0.19489556727821786
2,0.35,0.3025646383617415,0.18775175393304047
