,pval_sig,mean,std
0,0.34,0.2826653871637905,0.22823692200275913
1,0.33,0.28190279711208205,0.22162546168899064
2,0.36,0.3004192179360984,0.22726823082829234
