,pval_sig,mean,std
0,0.20,0.21163526159580134,0.21089690848044385
1,0.21,0.21915818509732193,0.2115812379599073
2,0.19,0.20883843406146138,0.21669084070528458
