,pval_sig,mean,std
0,0.05,-0.08707150208211949,0.18238313860552058
1,0.08,0.15258949999529875,0.17403327955608744
