,pval_sig,mean,std
0,0.47,0.3358432448896036,0.1976981516786069
1,0.47,0.33439205408576866,0.18583525783909818
