,pval_sig,mean,std
0,0.78,0.5175134982396012,0.2198501904296322
1,0.87,0.5733339459445562,0.1736772649190983
