,pval_sig,mean,std
0,0.44,0.2949639053968879,0.18969199480898682
1,0.69,0.40388495568997795,0.17066225174576874
