,pval_sig,mean,std
0,0.14,0.11530375463474671,0.19771252901976138
1,0.43,0.30438358032042406,0.17813136812351668
