,pval_sig,mean,std
0,0.58,0.16301620043337958,0.09783321235856962
1,0.63,0.20895197335072951,0.12811052405086465
