,pval_sig,mean,std
0,0.98,0.6352021469164267,0.09962040956229504
1,1.00,0.8231620496080696,0.09905266299077954
Overall,0.99,0.7210213741958044,0.1365223760580636
