,pval_sig,mean,std
0,0.90,0.383728579432848,0.10958441002954487
1,0.78,0.24639514673231386,0.11232229459735962
Overall,0.85,0.321793894097313,0.13020190467235843
