,pval_sig,mean,std
0,0.29,0.06404365334677582,0.154466470098438
1,0.62,0.1954613970616841,0.20233088794804724
Overall,0.44,0.12294236201452183,0.1891695739699373
