,pval_sig,mean,std
0,0.80,-0.2718404956432448,0.10153573855502092
1,0.61,-0.07839421149055897,0.27698296838374015
Overall,0.71,-0.17538828673798404,0.2297320548184653
