,pval_sig,mean,std
0,0.32,0.07407041009664926,0.12035801314901173
1,0.45,0.058311205356398714,0.1848082262457031
