,pval_sig,mean,std
0,0.98,0.6352021469164267,0.09962040956229504
1,1.00,0.8231620496080696,0.09905266299077954
