,pval_sig,mean,std
0,0.69,0.3024339382006084,0.13146278182375093
1,0.91,0.43034115578493776,0.13870871109419644
