,pval_sig,mean,std
0,0.96,0.48815499561136966,0.13326284160558788
1,0.98,0.5259964512436321,0.12361208692580405
