,pval_sig,mean,std
0,0.67,0.30272213813203613,0.1478066476837379
1,1.00,0.6125645484438891,0.10132192224222343
Overall,0.84,0.4610697206531806,0.19979300273536232
