,pval_sig,mean,std
0,0.84,0.36045650197280277,0.12215349192361631
1,0.88,0.37378896428795655,0.10775550791386526
Overall,0.86,0.3672701695224903,0.11521359929254901
