,pval_sig,mean,std
0,0.37,0.17768897283945612,0.14346823101625025
1,0.26,0.17245069662337664,0.10833320349104941
Overall,0.31,0.17504362955813954,0.12697326016475924
