,pval_sig,mean,std
0,0.89,0.39008015703085736,0.11902026223169031
1,0.78,0.3297254160417123,0.12418085468628157
Overall,0.83,0.3596008539194355,0.12534039606845662
