,pval_sig,mean,std
0,1.00,0.4582495599974297,0.04572830581818068
1,0.99,,
