,pval_sig,mean,std
0,1.00,0.6133595940204345,0.03531276342169116
1,1.00,0.5282498803387503,0.04306583713088523
Overall,1.00,0.5642630238458972,0.0580142897713535
