,pval_sig,mean,std
0,1.00,0.4571797395219686,0.05494547896723411
1,1.00,0.471026826379012,0.06170674451756009
Overall,1.00,0.4652882951379393,0.05939185411725524
