,pval_sig,mean,std
0,1.00,0.751870900489802,0.033672773238572755
1,1.00,0.731090866894658,0.06919721320440639
Overall,1.00,0.7384017503465153,0.06000854952362273
