,pval_sig,mean,std
0,1.00,0.28110863280388,0.05376462639866156
1,1.00,0.2954123252815475,0.04532905315358113
Overall,1.00,0.2887931839131182,0.049924069913822866
