,pval_sig,mean,std
0,1.00,0.5149321882456964,0.044798461342189476
1,1.00,0.48424414126246323,0.06341470212520639
