,pval_sig,mean,std
Overall,0.89,0.25554675725700315,0.10350683946647408
