,pval_sig,mean,std
Overall,0.92,0.34247267795995023,0.1516003283855335
