,pval_sig,mean,std
Overall,1.00,0.7248199269345821,0.09219295738608473
