,pval_sig,mean,std
Overall,0.68,0.2204154379652038,0.13547179315573357
