,pval_sig,mean,std
Overall,0.71,0.1858425027001904,0.07379264349005793
