,pval_sig,mean,std
Overall,0.23,0.15969096455933846,0.12672699690537462
