,pval_sig,mean,std
Overall,0.88,0.2437411957116596,0.06177591133161628
