,pval_sig,mean,std
Overall,0.27,-0.013644094791629067,0.13409631960562984
