,pval_sig,mean,std
Overall,0.89,0.2555467910350184,0.1035068482609359
