,pval_sig,mean,std
Overall,0.92,0.34247274809418776,0.15160032503378662
