,pval_sig,mean,std
Overall,0.13,0.11020944615276838,0.12802363262790117
