,pval_sig,mean,std
Overall,0.68,0.2204154518105376,0.13547181239295733
