,pval_sig,mean,std
Overall,0.88,0.2438853211658424,0.0618263590218325
