,pval_sig,mean,std
Overall,0.80,0.42153736015731513,0.13208883897949364
