,pval_sig,mean,std
Overall,0.91,0.17818299659970555,0.049484011721259775
