,pval_sig,mean,std
Overall,0.44,0.08158824376380722,0.05301206105617955
