,pval_sig,mean,std
Overall,0.13,0.11019848054087569,0.1280217556274925
