,pval_sig,mean,std
Overall,0.27,-0.013644088157967194,0.13409632859832715
