,pval_sig,mean,std
Overall,0.92,0.2152330039695056,0.11574964468257815
