,pval_sig,mean,std
Overall,0.99,0.2160030302562929,0.07477896344748118
