,pval_sig,mean,std
Overall,0.99,0.21600295419601415,0.07477887708514944
