,pval_sig,mean,std
Overall,0.98,0.19722045889024079,0.07479416126459232
