,pval_sig,mean,std
Overall,0.98,0.1972204584058603,0.07479417026513904
