,pval_sig,mean,std
Overall,0.98,0.18312068171514903,0.05720589885252525
