,pval_sig,mean,std
0,1.00,0.4137936850306322,0.047551732383593386
1,1.00,0.4358863101956805,0.04244040468090322
Overall,1.00,0.41967593197860165,0.047265732099381674
