,pval_sig,mean,std
0,1.00,0.5340432568483056,0.038988197874494306
1,1.00,0.47110898174528776,0.044572321648705365
Overall,1.00,0.5122598142584684,0.05077395882992854
