,pval_sig,mean,std
0,1.00,0.30760224300946626,0.04964549050058192
1,1.00,0.4507205062100627,0.041063337232551185
