,pval_sig,mean,std
0,1.00,0.6984604054558745,0.05090000952968963
1,1.00,0.7470889237318159,0.03710100302974179
Overall,1.00,0.7135758953472199,0.0521528571742518
