,pval_sig,mean,std
0,0.95,0.07824289570768472,0.03359634547773398
1,0.92,0.11189120977665097,0.06171159412319793
Overall,0.94,0.08668101781166698,0.044871112213129935
