,pval_sig,mean,std
0,0.85,0.035084452020433074,0.086561982445265
1,0.84,0.08144803943418871,0.07011535305025854
Overall,0.85,0.04663855237592456,0.0851646093416078
