,pval_sig,mean,std
0,1.00,0.5557434249436596,0.08435460022369151
1,1.00,0.6745846872985851,0.08926155636106639
Overall,1.00,0.5861139697676963,0.10010153402715136
