,pval_sig,mean,std
0,1.00,0.2830732941419396,0.03837573119934128
1,0.94,0.16859663462784882,0.08486876120800058
Overall,0.99,0.2676280305567051,0.061443952754163124
