,pval_sig,mean,std
0,0.95,0.09662874573938253,0.0480081071498696
1,0.83,-0.006759875647231957,0.095255033706971
Overall,0.91,0.06413517901787512,0.0820714980936733
