,pval_sig,mean,std
0,1.00,0.42754558895460815,0.03795065096784602
1,1.00,0.4285052168802198,0.04199636416288848
Overall,1.00,0.4277497002911668,0.03884844740785307
