,pval_sig,mean,std
0,1.00,0.48758586830776074,0.06673436646252667
1,1.00,0.5166273774292247,0.05124276938489126
Overall,1.00,0.4934402677655797,0.06496761024015739
