,pval_sig,mean,std
0,1.00,0.53725005677781,0.0989474910981372
1,1.00,0.6159174413431231,0.08037590262272853
Overall,1.00,0.5763489749559327,0.09839953790831313
