,pval_sig,mean,std
0,1.00,0.34133503893345424,0.06549764186114082
1,0.99,0.3411959157426916,0.07405315607316668
