,pval_sig,mean,std
0,0.98,0.2871518133839796,0.05598550786424475
1,0.99,0.3032753843379179,0.05732596604707027
