,pval_sig,mean,std
0,0.57,0.11066389581125749,0.06649618328773149
1,0.30,0.06851167335551185,0.06870537878611838
