,pval_sig,mean,std
0,0.75,0.14735132470789666,0.06224294806511928
1,0.96,0.24293214667092916,0.07193190414036817
