,pval_sig,mean,std
0,1.00,0.3825766427223118,0.06110132644554489
1,0.99,0.3480245744423556,0.06638186120788442
