,pval_sig,mean,std
0,0.79,-0.05057168839121972,0.022486618173028758
1,0.85,-0.05936904047213678,0.023156078002313053
Overall,0.79,-0.051790465127870694,0.02278415634759933
