,pval_sig,mean,std
0,1.00,0.350769347756449,0.0855202095160345
1,1.00,0.3875165958172862,0.0734584434461432
Overall,1.00,0.358128053602385,0.08453385236228297
