,pval_sig,mean,std
0,0.74,0.06232931182461207,0.1437701840176199
1,1.00,0.5667785400785103,0.05514844225928936
Overall,0.79,0.1627108962882341,0.2402558528505254
