,pval_sig,mean,std
0,0.83,-0.005259031071102828,0.09670446352569119
1,0.70,0.017342914654325334,0.07276272921843518
Overall,0.81,-0.002355506557256888,0.09427474904257614
