,pval_sig,mean,std
0,1.00,0.691067905869431,0.1100444723528288
1,1.00,0.6590658710074594,0.19251490508477923
Overall,1.00,0.6843369992926688,0.1323934168688724
