,pval_sig,mean,std
0,0.99,0.21136057333444006,0.06805690514658295
1,1.00,0.19590858062566663,0.06966548334242627
Overall,0.99,0.2078965245911634,0.06872360350116603
