,pval_sig,mean,std
0,1.00,0.2665026684038221,0.04779896778764936
1,1.00,0.3041850345387809,0.05485032815715651
Overall,1.00,0.28094255110673827,0.053830537786846246
