,pval_sig,mean,std
0,1.00,0.613689173520628,0.04317360009616273
1,1.00,0.5842343229051175,0.043935185480334635
Overall,1.00,0.6067437197454906,0.04512140152920612
