,pval_sig,mean,std
0,1.00,0.7467941217625618,0.03189452324480884
1,1.00,0.7831089868320396,0.035969024704949525
Overall,1.00,0.7560398864092507,0.03657778865102736
