,pval_sig,mean,std
0,1.00,0.2756477335405388,0.05756862472424879
1,0.99,0.27023429598066295,0.06959625336094068
Overall,0.99,0.27445244652731826,0.06047230995410673
