,pval_sig,mean,std
0,0.11,0.12442451452343797,0.23572010841780672
1,0.16,0.1903478972865572,0.23793469423062538
2,0.13,0.14759912558472366,0.23395218620608343
