,pval_sig,mean,std
0,0.74,0.5253815101565622,0.17609990266185518
1,0.75,0.5215878449769906,0.1775525005260905
2,0.77,0.5366589129442346,0.18510237343108044
