,pval_sig,mean,std
0,0.83,0.6009926385799268,0.1828436490654836
1,0.79,0.5834951866060498,0.19670340698577882
2,0.82,0.596895392893864,0.18623530635955018
