,pval_sig,mean,std
0,0.11,0.12442451452343797,0.23572010841780672
1,0.16,0.19034532258179596,0.2379309781881249
2,0.13,0.14759912558472366,0.23395218620608343
Overall,0.13,0.15609682884485673,0.23765237060761865
