,pval_sig,mean,std
0,0.31,0.2725672898206796,0.22237279417190373
1,0.30,0.2844229304594358,0.20783900157086985
2,0.37,0.30995937843536625,0.20548306843110312
