,pval_sig,mean,std
0,0.26,0.2267058550323694,0.23389384890522233
1,0.30,0.28291237395575847,0.21877697624969247
2,0.31,0.27958175793076073,0.22628256467179597
