,pval_sig,mean,std
0,0.33,0.2715082305250463,0.18826386561122285
1,0.40,0.3228046189328053,0.1915035707372688
