,pval_sig,mean,std
0,0.07,0.05472372913660051,0.18836678374609134
1,0.08,0.0736621357305044,0.21280012822290162
Overall,0.07,0.06357263100018691,0.20037765557123252
