,pval_sig,mean,std
0,0.46,0.3302273745287989,0.17984653510082035
1,0.36,0.28977739387614015,0.16470540055246316
Overall,0.42,0.31400048373944245,0.1750572196364281
