,pval_sig,mean,std
0,0.21,0.20415837437151257,0.19189319555981782
1,0.20,0.22801151593420207,0.193229311747954
Overall,0.21,0.21522070089333958,0.19288114241581938
