,pval_sig,mean,std
0,0.87,0.6061061143004887,0.15556451396405743
1,0.89,0.6417275733991284,0.15143048783655683
Overall,0.88,0.6226055611525542,0.15468670427060136
