,pval_sig,mean,std
0,0.56,0.34339469079043466,0.19573715261499955
1,0.68,0.4034661265813099,0.16438285720929943
