,pval_sig,mean,std
0,0.15,0.13511418315781015,0.1927746265372494
1,0.58,0.3556171130487028,0.17289269147570965
Overall,0.24,0.18009186058643997,0.2087434348148697
