,pval_sig,mean,std
0,0.04,-0.0799244173230474,0.16194010040065054
1,0.01,0.07453987310154134,0.1577018002380808
Overall,0.03,-0.04646901801449594,0.17314610681337328
