,pval_sig,mean,std
0,0.84,0.5863892233785505,0.20420700873351547
1,0.89,0.6035191141649859,0.1740248545139586
Overall,0.86,0.5913582627626341,0.19608523465659988
