,pval_sig,mean,std
0,0.44,0.289763589671432,0.19703508786910692
1,0.74,0.43528088211828336,0.1642310743781502
