,pval_sig,mean,std
0,0.08,-0.04639058771888953,0.2081437154836371
1,0.23,0.20414368359803095,0.16753569766036674
Overall,0.11,0.0025860367490798844,0.2240828472947303
