,pval_sig,mean,std
Overall,0.85,0.321793894097313,0.13020190467235843
