,pval_sig,mean,std
Overall,0.38,0.06661017031765111,0.1544622907054049
