,pval_sig,mean,std
Overall,0.99,0.7210213741958044,0.13652237605806364
