,pval_sig,mean,std
Overall,0.71,-0.17538828673798404,0.2297320548184653
