,pval_sig,mean,std
Overall,0.44,0.12294236201452183,0.1891695739699373
