,pval_sig,mean,std
Overall,0.61,0.18540506454435685,0.11589986948726731
