,pval_sig,mean,std
Overall,0.84,0.4610697206531806,0.19979300273536235
