,pval_sig,mean,std
Overall,0.31,0.17504362955813954,0.12697326016475924
