,pval_sig,mean,std
Overall,0.83,0.3596008539194355,0.12534039606845662
