,pval_sig,mean,std
Overall,0.80,0.3671958074514418,0.14954285719123614
