,pval_sig,mean,std
Overall,0.97,0.5072351397756094,0.1298729820794418
