,pval_sig,mean,std
Overall,0.86,0.3672701695224903,0.11521359929254901
