,pval_sig,mean,std
Overall,1.00,0.4652882951379393,0.05939185411725524
