,pval_sig,mean,std
Overall,1.00,0.7384017503465153,0.06000854952362273
