,pval_sig,mean,std
Overall,1.00,0.5642630238458972,0.05801428977135349
