,pval_sig,mean,std
Overall,1.00,0.2887931839131182,0.049924069913822866
