,pval_sig,mean,std
Overall,1.00,0.49647558946576453,0.05868764591450006
