,pval_sig,mean,std
Overall,0.23,0.15969604851672403,0.12675135635843102
