,pval_sig,mean,std
Overall,1.00,0.724819926934582,0.09219295738608473
