,pval_sig,mean,std
Overall,0.99,0.7345354760726466,0.09865303415912244
