,pval_sig,mean,std
Overall,1.00,0.7483026613821355,0.06652252974223165
