,pval_sig,mean,std
Overall,1.00,0.8862662448571506,0.06716230447537833
