,pval_sig,mean,std
Overall,0.71,0.1858429415153033,0.0737986052962352
