,pval_sig,mean,std
Overall,1.00,0.6465632333707222,0.06496294184916511
