,pval_sig,mean,std
Overall,0.28,0.16042185152196078,0.1411707986691404
