,pval_sig,mean,std
Overall,0.44,0.0816152275325656,0.05302880036884663
