,pval_sig,mean,std
Overall,0.98,0.8171905470275876,0.13498421614296324
