,pval_sig,mean,std
Overall,0.91,0.17819473964030846,0.04948406653715656
