,pval_sig,mean,std
Overall,0.88,0.24388532116584238,0.061826359021832505
