,pval_sig,mean,std
Overall,1.00,0.688557053638014,0.09790599189168515
