,pval_sig,mean,std
Overall,0.92,0.21523302902520153,0.11574961191424846
