,pval_sig,mean,std
Overall,0.98,0.18312080011343718,0.05720595666280906
