,pval_sig,mean,std
Overall,1.00,0.6346013571792192,0.08682103309171318
