,pval_sig,mean,std
Overall,1.00,0.41967593197860165,0.04726573209938168
