,pval_sig,mean,std
Overall,1.00,0.5122598142584684,0.05077395882992854
