,pval_sig,mean,std
Overall,1.00,0.7135758953472199,0.0521528571742518
