,pval_sig,mean,std
Overall,0.94,0.08668101781166698,0.044871112213129935
