,pval_sig,mean,std
Overall,1.00,0.4210034106820684,0.05227391575579361
