,pval_sig,mean,std
Overall,1.00,0.353329192737954,0.08166612140617663
