,pval_sig,mean,std
Overall,0.99,0.3647215679522977,0.06617680360966799
