,pval_sig,mean,std
Overall,0.99,0.34126803240126413,0.06974943205140435
