,pval_sig,mean,std
Overall,0.98,0.2948175423659829,0.05719638345307823
