,pval_sig,mean,std
Overall,0.87,0.20067120472859662,0.08278132336700131
