,pval_sig,mean,std
Overall,0.45,0.09162959333870199,0.07068699420512542
