,pval_sig,mean,std
Overall,1.00,0.5763489749559327,0.09839953790831313
