,pval_sig,mean,std
Overall,0.13,0.15609778754498058,0.23765389408001317
