,pval_sig,mean,std
Overall,0.75,0.527369301081605,0.17953601477972445
