,pval_sig,mean,std
Overall,0.32,0.28828729430960187,0.21237035179242394
