,pval_sig,mean,std
Overall,0.35,0.2895343660893371,0.2372989217616043
