,pval_sig,mean,std
Overall,0.81,0.5933580428652148,0.18918678929857702
