,pval_sig,mean,std
Overall,0.29,0.2639701780365313,0.22736374881078927
