,pval_sig,mean,std
Overall,0.88,0.6226055611525542,0.15468670427060136
