,pval_sig,mean,std
Overall,0.51,0.3517114987837484,0.17451759787092835
