,pval_sig,mean,std
Overall,0.07,0.06357263100018691,0.20037765557123252
