,pval_sig,mean,std
Overall,0.21,0.21522070089333958,0.19288114241581938
