,pval_sig,mean,std
Overall,0.36,0.29134283404271316,0.19116235107388305
