,pval_sig,mean,std
Overall,0.42,0.31400048373944245,0.1750572196364281
