,pval_sig,mean,std
Overall,0.86,0.5913582627626341,0.19608523465659988
