,pval_sig,mean,std
Overall,0.03,-0.04646901801449594,0.17314610681337328
