,pval_sig,mean,std
Overall,0.50,0.319234106089846,0.19960634992276374
