,pval_sig,mean,std
Overall,0.11,0.0025860367490798844,0.2240828472947303
