,pval_sig,mean,std
Overall,0.24,0.18009186058643997,0.2087434348148697
