,pval_sig,mean,std
Overall,0.59,0.3586347397444137,0.19008333507838518
